OC,Lote,Código,Descrição,Tamanho,Largura,Qtd,
470796,26240772,196338,ATACADOR CHATO 6MM M21020 100% PES C/ GRADE,110,P,9,
470796,26240772,196338,ATACADOR CHATO 6MM M21020 100% PES C/ GRADE,125,P,4,
470796,26240772,196338,ATACADOR CHATO 6MM M21020 100% PES C/ GRADE,120,P,13,
470796,26240772,196338,ATACADOR CHATO 6MM M21020 100% PES C/ GRADE,115,P,19,
470796,26240773,196338,ATACADOR CHATO 6MM M21020 100% PES C/ GRADE,110,P,120,
470796,26240773,196338,ATACADOR CHATO 6MM M21020 100% PES C/ GRADE,125,P,54,
470796,26240773,196338,ATACADOR CHATO 6MM M21020 100% PES C/ GRADE,120,P,174,
470796,26240773,196338,ATACADOR CHATO 6MM M21020 100% PES C/ GRADE,115,P,252,
470796,26240774,196338,ATACADOR CHATO 6MM M21020 100% PES C/ GRADE,110,P,120,
470796,26240774,196338,ATACADOR CHATO 6MM M21020 100% PES C/ GRADE,125,P,54,
470796,26240774,196338,ATACADOR CHATO 6MM M21020 100% PES C/ GRADE,120,P,174,
470796,26240774,196338,ATACADOR CHATO 6MM M21020 100% PES C/ GRADE,115,P,252,
470796,26240775,196338,ATACADOR CHATO 6MM M21020 100% PES C/ GRADE,110,P,120,
470796,26240775,196338,ATACADOR CHATO 6MM M21020 100% PES C/ GRADE,125,P,54,
470796,26240775,196338,ATACADOR CHATO 6MM M21020 100% PES C/ GRADE,120,P,174,
470796,26240775,196338,ATACADOR CHATO 6MM M21020 100% PES C/ GRADE,115,P,252,
470796,26240776,196338,ATACADOR CHATO 6MM M21020 100% PES C/ GRADE,110,P,120,
470796,26240776,196338,ATACADOR CHATO 6MM M21020 100% PES C/ GRADE,125,P,54,
470796,26240776,196338,ATACADOR CHATO 6MM M21020 100% PES C/ GRADE,120,P,174,
470796,26240776,196338,ATACADOR CHATO 6MM M21020 100% PES C/ GRADE,115,P,252,
470796,26240777,196338,ATACADOR CHATO 6MM M21020 100% PES C/ GRADE,110,P,126,
470796,26240777,196338,ATACADOR CHATO 6MM M21020 100% PES C/ GRADE,125,P,54,
470796,26240777,196338,ATACADOR CHATO 6MM M21020 100% PES C/ GRADE,120,P,174,
470796,26240777,196338,ATACADOR CHATO 6MM M21020 100% PES C/ GRADE,115,P,252,
470796,26240778,196338,ATACADOR CHATO 6MM M21020 100% PES C/ GRADE,110,P,120,
470796,26240778,196338,ATACADOR CHATO 6MM M21020 100% PES C/ GRADE,125,P,54,
470796,26240778,196338,ATACADOR CHATO 6MM M21020 100% PES C/ GRADE,120,P,168,
470796,26240778,196338,ATACADOR CHATO 6MM M21020 100% PES C/ GRADE,115,P,252,
470796,26240779,196338,ATACADOR CHATO 6MM M21020 100% PES C/ GRADE,110,P,120,
470796,26240779,196338,ATACADOR CHATO 6MM M21020 100% PES C/ GRADE,125,P,54,
470796,26240779,196338,ATACADOR CHATO 6MM M21020 100% PES C/ GRADE,120,P,174,
470796,26240779,196338,ATACADOR CHATO 6MM M21020 100% PES C/ GRADE,115,P,240,
448657,26020741,136660,ATACADOR CHATO 8MM M21020 100% PES 110CM,110,P,318,110
448657,26020742,136660,ATACADOR CHATO 8MM M21020 100% PES 110CM,110,P,312,110
448658,26020727,136660,ATACADOR CHATO 8MM M21020 100% PES 110CM,110,P,330,110
448658,26020728,136660,ATACADOR CHATO 8MM M21020 100% PES 110CM,110,P,300,110
448658,26020729,136660,ATACADOR CHATO 8MM M21020 100% PES 110CM,110,P,318,110
448658,26020730,136660,ATACADOR CHATO 8MM M21020 100% PES 110CM,110,P,288,110
450545,26020764,136660,ATACADOR CHATO 8MM M21020 100% PES 110CM,110,P,342,110
450545,26020765,136660,ATACADOR CHATO 8MM M21020 100% PES 110CM,110,P,336,110
450546,26020767,196055,ATACADOR CHATO 8MM M21020 100% PES C/ GRADE,100,P,6,
450546,26020767,196055,ATACADOR CHATO 8MM M21020 100% PES C/ GRADE,115,P,216,
450546,26020767,196055,ATACADOR CHATO 8MM M21020 100% PES C/ GRADE,110,P,342,
450546,26020767,196055,ATACADOR CHATO 8MM M21020 100% PES C/ GRADE,105,P,120,
450546,26020768,196055,ATACADOR CHATO 8MM M21020 100% PES C/ GRADE,115,P,180,
450546,26020768,196055,ATACADOR CHATO 8MM M21020 100% PES C/ GRADE,110,P,312,
450546,26020768,196055,ATACADOR CHATO 8MM M21020 100% PES C/ GRADE,105,P,72,
450546,26020769,196055,ATACADOR CHATO 8MM M21020 100% PES C/ GRADE,115,P,180,
450546,26020769,196055,ATACADOR CHATO 8MM M21020 100% PES C/ GRADE,110,P,312,
450546,26020769,196055,ATACADOR CHATO 8MM M21020 100% PES C/ GRADE,105,P,72,
450546,26020770,195807,ATACADOR CHATO 8MM M21020 100% PES C/ GRADE,115,P,108,
450546,26020770,195807,ATACADOR CHATO 8MM M21020 100% PES C/ GRADE,105,P,210,
450546,26020770,195807,ATACADOR CHATO 8MM M21020 100% PES C/ GRADE,100,P,66,
450546,26020770,195807,ATACADOR CHATO 8MM M21020 100% PES C/ GRADE,110,P,252,
450546,26020771,195807,ATACADOR CHATO 8MM M21020 100% PES C/ GRADE,115,P,84,
450546,26020771,195807,ATACADOR CHATO 8MM M21020 100% PES C/ GRADE,105,P,192,
450546,26020771,195807,ATACADOR CHATO 8MM M21020 100% PES C/ GRADE,100,P,48,
450546,26020771,195807,ATACADOR CHATO 8MM M21020 100% PES C/ GRADE,110,P,240,
450546,26020772,195807,ATACADOR CHATO 8MM M21020 100% PES C/ GRADE,115,P,204,
450546,26020772,195807,ATACADOR CHATO 8MM M21020 100% PES C/ GRADE,105,P,120,
450546,26020772,195807,ATACADOR CHATO 8MM M21020 100% PES C/ GRADE,100,P,12,
450546,26020772,195807,ATACADOR CHATO 8MM M21020 100% PES C/ GRADE,110,P,288,
450546,26020773,195807,ATACADOR CHATO 8MM M21020 100% PES C/ GRADE,115,P,180,
450546,26020773,195807,ATACADOR CHATO 8MM M21020 100% PES C/ GRADE,105,P,108,
450546,26020773,195807,ATACADOR CHATO 8MM M21020 100% PES C/ GRADE,110,P,276,
450546,26020774,195807,ATACADOR CHATO 8MM M21020 100% PES C/ GRADE,115,P,222,
450546,26020774,195807,ATACADOR CHATO 8MM M21020 100% PES C/ GRADE,105,P,114,
450546,26020774,195807,ATACADOR CHATO 8MM M21020 100% PES C/ GRADE,100,P,24,
450546,26020774,195807,ATACADOR CHATO 8MM M21020 100% PES C/ GRADE,110,P,378,
450546,26020775,195807,ATACADOR CHATO 8MM M21020 100% PES C/ GRADE,115,P,192,
450546,26020775,195807,ATACADOR CHATO 8MM M21020 100% PES C/ GRADE,105,P,72,
450546,26020775,195807,ATACADOR CHATO 8MM M21020 100% PES C/ GRADE,110,P,288,
450546,26020776,195807,ATACADOR CHATO 8MM M21020 100% PES C/ GRADE,115,P,192,
450546,26020776,195807,ATACADOR CHATO 8MM M21020 100% PES C/ GRADE,105,P,72,
450546,26020776,195807,ATACADOR CHATO 8MM M21020 100% PES C/ GRADE,110,P,288,
450546,26020777,195807,ATACADOR CHATO 8MM M21020 100% PES C/ GRADE,115,P,192,
450546,26020777,195807,ATACADOR CHATO 8MM M21020 100% PES C/ GRADE,105,P,72,
450546,26020777,195807,ATACADOR CHATO 8MM M21020 100% PES C/ GRADE,110,P,288,
451996,26240478,110552,ATACADOR CHATO 6MM M21020 PES 100CM PRETO,100,P,3,100
451996,26240478,110553,ATACADOR CHATO 6MM M21020 PES 105CM PRETO,105,P,2,105
451996,26240478,111456,ATACADOR CHATO 6MM M21020 PES 110CM PRETO,110,P,1,110
451996,26240479,110552,ATACADOR CHATO 6MM M21020 PES 100CM PRETO,100,P,276,100
451996,26240479,110553,ATACADOR CHATO 6MM M21020 PES 105CM PRETO,105,P,114,105
451996,26240479,111456,ATACADOR CHATO 6MM M21020 PES 110CM PRETO,110,P,6,110
451996,26240479,110551,ATACADOR CHATO 6MM M21020 PES 95CM PRETO 100,95,P,102,95
451996,26240480,110552,ATACADOR CHATO 6MM M21020 PES 100CM PRETO,100,P,276,100
451996,26240480,110553,ATACADOR CHATO 6MM M21020 PES 105CM PRETO,105,P,114,105
451996,26240480,111456,ATACADOR CHATO 6MM M21020 PES 110CM PRETO,110,P,6,110
451996,26240480,110551,ATACADOR CHATO 6MM M21020 PES 95CM PRETO 100,95,P,102,95
451996,26240481,110552,ATACADOR CHATO 6MM M21020 PES 100CM PRETO,100,P,264,100
451996,26240481,110553,ATACADOR CHATO 6MM M21020 PES 105CM PRETO,105,P,120,105
451996,26240481,111456,ATACADOR CHATO 6MM M21020 PES 110CM PRETO,110,P,6,110
451996,26240481,110551,ATACADOR CHATO 6MM M21020 PES 95CM PRETO 100,95,P,108,95
457236,26020706,195808,ATACADOR CHATO 8MM M21020 100% PES C/ GRADE,130,P,150,
457236,26020707,195808,ATACADOR CHATO 8MM M21020 100% PES C/ GRADE,130,P,132,
470795,26240786,110552,ATACADOR CHATO 6MM M21020 PES 100CM PRETO,100,P,3,100
470795,26240786,110553,ATACADOR CHATO 6MM M21020 PES 105CM PRETO,105,P,11,105
470795,26240786,111456,ATACADOR CHATO 6MM M21020 PES 110CM PRETO,110,P,7,110
470795,26240786,111457,ATACADOR CHATO 6MM M21020 PES 115CM PRETO,115,P,1,115
470795,26240787,110552,ATACADOR CHATO 6MM M21020 PES 100CM PRETO,100,P,114,100
470795,26240787,110553,ATACADOR CHATO 6MM M21020 PES 105CM PRETO,105,P,240,105
470795,26240787,111456,ATACADOR CHATO 6MM M21020 PES 110CM PRETO,110,P,144,110
470795,26240787,111457,ATACADOR CHATO 6MM M21020 PES 115CM PRETO,115,P,18,115
470795,26240788,110552,ATACADOR CHATO 6MM M21020 PES 100CM PRETO,100,P,114,100
470795,26240788,110553,ATACADOR CHATO 6MM M21020 PES 105CM PRETO,105,P,240,105
470795,26240788,111456,ATACADOR CHATO 6MM M21020 PES 110CM PRETO,110,P,144,110
470795,26240788,111457,ATACADOR CHATO 6MM M21020 PES 115CM PRETO,115,P,18,115
470795,26240789,110552,ATACADOR CHATO 6MM M21020 PES 100CM PRETO,100,P,114,100
470795,26240789,110553,ATACADOR CHATO 6MM M21020 PES 105CM PRETO,105,P,240,105
470795,26240789,111456,ATACADOR CHATO 6MM M21020 PES 110CM PRETO,110,P,144,110
470795,26240789,111457,ATACADOR CHATO 6MM M21020 PES 115CM PRETO,115,P,18,115
470795,26240790,110552,ATACADOR CHATO 6MM M21020 PES 100CM PRETO,100,P,108,100
470795,26240790,110553,ATACADOR CHATO 6MM M21020 PES 105CM PRETO,105,P,234,105
470795,26240790,111456,ATACADOR CHATO 6MM M21020 PES 110CM PRETO,110,P,144,110
470795,26240790,111457,ATACADOR CHATO 6MM M21020 PES 115CM PRETO,115,P,12,115
470795,26240791,110552,ATACADOR CHATO 6MM M21020 PES 100CM PRETO,100,P,102,100
470795,26240791,110553,ATACADOR CHATO 6MM M21020 PES 105CM PRETO,105,P,234,105
470795,26240791,111456,ATACADOR CHATO 6MM M21020 PES 110CM PRETO,110,P,138,110
470795,26240791,111457,ATACADOR CHATO 6MM M21020 PES 115CM PRETO,115,P,12,115
471427,26021193,195808,ATACADOR CHATO 8MM M21020 100% PES C/ GRADE,105,P,102,
471427,26021193,195808,ATACADOR CHATO 8MM M21020 100% PES C/ GRADE,100,P,6,
471427,26021193,195808,ATACADOR CHATO 8MM M21020 100% PES C/ GRADE,115,P,306,
471427,26021193,195808,ATACADOR CHATO 8MM M21020 100% PES C/ GRADE,110,P,330,
471427,26021194,195808,ATACADOR CHATO 8MM M21020 100% PES C/ GRADE,105,P,60,
471427,26021194,195808,ATACADOR CHATO 8MM M21020 100% PES C/ GRADE,115,P,240,
471427,26021194,195808,ATACADOR CHATO 8MM M21020 100% PES C/ GRADE,110,P,300,
471427,26021195,195808,ATACADOR CHATO 8MM M21020 100% PES C/ GRADE,105,P,60,
471427,26021195,195808,ATACADOR CHATO 8MM M21020 100% PES C/ GRADE,115,P,240,
471427,26021195,195808,ATACADOR CHATO 8MM M21020 100% PES C/ GRADE,110,P,300,
471427,26021196,195807,ATACADOR CHATO 8MM M21020 100% PES C/ GRADE,110,P,192,
471427,26021196,195807,ATACADOR CHATO 8MM M21020 100% PES C/ GRADE,105,P,318,
471427,26021196,195807,ATACADOR CHATO 8MM M21020 100% PES C/ GRADE,115,P,162,
471427,26021196,195807,ATACADOR CHATO 8MM M21020 100% PES C/ GRADE,100,P,24,
471427,26021197,195807,ATACADOR CHATO 8MM M21020 100% PES C/ GRADE,110,P,168,
471427,26021197,195807,ATACADOR CHATO 8MM M21020 100% PES C/ GRADE,105,P,300,
471427,26021197,195807,ATACADOR CHATO 8MM M21020 100% PES C/ GRADE,115,P,132,
471427,26021197,195807,ATACADOR CHATO 8MM M21020 100% PES C/ GRADE,100,P,12,
471427,26021198,195807,ATACADOR CHATO 8MM M21020 100% PES C/ GRADE,110,P,306,
471427,26021198,195807,ATACADOR CHATO 8MM M21020 100% PES C/ GRADE,105,P,150,
471427,26021198,195807,ATACADOR CHATO 8MM M21020 100% PES C/ GRADE,115,P,258,
471427,26021198,195807,ATACADOR CHATO 8MM M21020 100% PES C/ GRADE,100,P,48,
471427,26021199,195807,ATACADOR CHATO 8MM M21020 100% PES C/ GRADE,110,P,264,
471427,26021199,195807,ATACADOR CHATO 8MM M21020 100% PES C/ GRADE,105,P,108,
471427,26021199,195807,ATACADOR CHATO 8MM M21020 100% PES C/ GRADE,115,P,228,
471427,26021200,195807,ATACADOR CHATO 8MM M21020 100% PES C/ GRADE,110,P,264,
471427,26021200,195807,ATACADOR CHATO 8MM M21020 100% PES C/ GRADE,105,P,108,
471427,26021200,195807,ATACADOR CHATO 8MM M21020 100% PES C/ GRADE,115,P,228,
471428,26021201,196055,ATACADOR CHATO 8MM M21020 100% PES C/ GRADE,110,P,348,
471428,26021201,196055,ATACADOR CHATO 8MM M21020 100% PES C/ GRADE,100,P,30,
471428,26021201,196055,ATACADOR CHATO 8MM M21020 100% PES C/ GRADE,105,P,138,
471428,26021201,196055,ATACADOR CHATO 8MM M21020 100% PES C/ GRADE,115,P,216,
471428,26021202,196055,ATACADOR CHATO 8MM M21020 100% PES C/ GRADE,110,P,324,
471428,26021202,196055,ATACADOR CHATO 8MM M21020 100% PES C/ GRADE,105,P,96,
471428,26021202,196055,ATACADOR CHATO 8MM M21020 100% PES C/ GRADE,115,P,192,
471428,26021203,196055,ATACADOR CHATO 8MM M21020 100% PES C/ GRADE,110,P,324,
471428,26021203,196055,ATACADOR CHATO 8MM M21020 100% PES C/ GRADE,105,P,96,
471428,26021203,196055,ATACADOR CHATO 8MM M21020 100% PES C/ GRADE,115,P,192,
471428,26021204,195807,ATACADOR CHATO 8MM M21020 100% PES C/ GRADE,115,P,240,
471428,26021204,195807,ATACADOR CHATO 8MM M21020 100% PES C/ GRADE,110,P,294,
471428,26021204,195807,ATACADOR CHATO 8MM M21020 100% PES C/ GRADE,105,P,150,
471428,26021205,195807,ATACADOR CHATO 8MM M21020 100% PES C/ GRADE,115,P,192,
471428,26021205,195807,ATACADOR CHATO 8MM M21020 100% PES C/ GRADE,110,P,276,
471428,26021205,195807,ATACADOR CHATO 8MM M21020 100% PES C/ GRADE,105,P,144,
471428,26021206,195807,ATACADOR CHATO 8MM M21020 100% PES C/ GRADE,115,P,258,
471428,26021206,195807,ATACADOR CHATO 8MM M21020 100% PES C/ GRADE,110,P,330,
471428,26021206,195807,ATACADOR CHATO 8MM M21020 100% PES C/ GRADE,105,P,132,
471428,26021206,195807,ATACADOR CHATO 8MM M21020 100% PES C/ GRADE,100,P,48,
471428,26021207,195807,ATACADOR CHATO 8MM M21020 100% PES C/ GRADE,115,P,192,
471428,26021207,195807,ATACADOR CHATO 8MM M21020 100% PES C/ GRADE,110,P,324,
471428,26021207,195807,ATACADOR CHATO 8MM M21020 100% PES C/ GRADE,105,P,84,
471428,26021208,195807,ATACADOR CHATO 8MM M21020 100% PES C/ GRADE,115,P,192,
471428,26021208,195807,ATACADOR CHATO 8MM M21020 100% PES C/ GRADE,110,P,324,
471428,26021208,195807,ATACADOR CHATO 8MM M21020 100% PES C/ GRADE,105,P,84,
471428,26021209,195807,ATACADOR CHATO 8MM M21020 100% PES C/ GRADE,115,P,192,
471428,26021209,195807,ATACADOR CHATO 8MM M21020 100% PES C/ GRADE,110,P,354,
471428,26021209,195807,ATACADOR CHATO 8MM M21020 100% PES C/ GRADE,105,P,138,
471428,26021209,195807,ATACADOR CHATO 8MM M21020 100% PES C/ GRADE,100,P,24,
471428,26021210,195807,ATACADOR CHATO 8MM M21020 100% PES C/ GRADE,115,P,144,
471428,26021210,195807,ATACADOR CHATO 8MM M21020 100% PES C/ GRADE,110,P,336,
471428,26021210,195807,ATACADOR CHATO 8MM M21020 100% PES C/ GRADE,105,P,108,
471428,26021210,195807,ATACADOR CHATO 8MM M21020 100% PES C/ GRADE,100,P,12,
471429,26021215,195807,ATACADOR CHATO 8MM M21020 100% PES C/ GRADE,130,P,210,
471429,26021215,195807,ATACADOR CHATO 8MM M21020 100% PES C/ GRADE,125,P,366,
471429,26021215,195807,ATACADOR CHATO 8MM M21020 100% PES C/ GRADE,120,P,108,
471429,26021216,195807,ATACADOR CHATO 8MM M21020 100% PES C/ GRADE,130,P,180,
471429,26021216,195807,ATACADOR CHATO 8MM M21020 100% PES C/ GRADE,125,P,348,
471429,26021216,195807,ATACADOR CHATO 8MM M21020 100% PES C/ GRADE,120,P,96,
471429,26021217,195807,ATACADOR CHATO 8MM M21020 100% PES C/ GRADE,130,P,198,
471429,26021217,195807,ATACADOR CHATO 8MM M21020 100% PES C/ GRADE,125,P,402,
471429,26021217,195807,ATACADOR CHATO 8MM M21020 100% PES C/ GRADE,120,P,96,
471429,26021218,195807,ATACADOR CHATO 8MM M21020 100% PES C/ GRADE,130,P,168,
471429,26021218,195807,ATACADOR CHATO 8MM M21020 100% PES C/ GRADE,125,P,372,
471429,26021218,195807,ATACADOR CHATO 8MM M21020 100% PES C/ GRADE,120,P,72,
471430,26021221,195808,ATACADOR CHATO 8MM M21020 100% PES C/ GRADE,110,P,420,
471430,26021221,195808,ATACADOR CHATO 8MM M21020 100% PES C/ GRADE,115,P,132,
471430,26021221,195808,ATACADOR CHATO 8MM M21020 100% PES C/ GRADE,100,P,12,
471430,26021221,195808,ATACADOR CHATO 8MM M21020 100% PES C/ GRADE,105,P,114,
471430,26021222,195808,ATACADOR CHATO 8MM M21020 100% PES C/ GRADE,110,P,420,
471430,26021222,195808,ATACADOR CHATO 8MM M21020 100% PES C/ GRADE,115,P,108,
471430,26021222,195808,ATACADOR CHATO 8MM M21020 100% PES C/ GRADE,100,P,12,
471430,26021222,195808,ATACADOR CHATO 8MM M21020 100% PES C/ GRADE,105,P,84,
471430,26021223,195807,ATACADOR CHATO 8MM M21020 100% PES C/ GRADE,105,P,78,
471430,26021223,195807,ATACADOR CHATO 8MM M21020 100% PES C/ GRADE,110,P,414,
471430,26021223,195807,ATACADOR CHATO 8MM M21020 100% PES C/ GRADE,115,P,168,
471430,26021223,195807,ATACADOR CHATO 8MM M21020 100% PES C/ GRADE,100,P,6,
471430,26021224,195807,ATACADOR CHATO 8MM M21020 100% PES C/ GRADE,105,P,72,
471430,26021224,195807,ATACADOR CHATO 8MM M21020 100% PES C/ GRADE,110,P,396,
471430,26021224,195807,ATACADOR CHATO 8MM M21020 100% PES C/ GRADE,115,P,168,
471430,26021225,195807,ATACADOR CHATO 8MM M21020 100% PES C/ GRADE,105,P,84,
471430,26021225,195807,ATACADOR CHATO 8MM M21020 100% PES C/ GRADE,110,P,396,
471430,26021225,195807,ATACADOR CHATO 8MM M21020 100% PES C/ GRADE,115,P,198,
471430,26021225,195807,ATACADOR CHATO 8MM M21020 100% PES C/ GRADE,100,P,24,
471430,26021226,195807,ATACADOR CHATO 8MM M21020 100% PES C/ GRADE,105,P,60,
471430,26021226,195807,ATACADOR CHATO 8MM M21020 100% PES C/ GRADE,110,P,372,
471430,26021226,195807,ATACADOR CHATO 8MM M21020 100% PES C/ GRADE,115,P,168,
471431,26021231,196055,ATACADOR CHATO 8MM M21020 100% PES C/ GRADE,140,P,54,
471431,26021231,196055,ATACADOR CHATO 8MM M21020 100% PES C/ GRADE,125,P,54,
471431,26021231,196055,ATACADOR CHATO 8MM M21020 100% PES C/ GRADE,135,P,228,
471431,26021231,196055,ATACADOR CHATO 8MM M21020 100% PES C/ GRADE,130,P,348,
471431,26021232,196055,ATACADOR CHATO 8MM M21020 100% PES C/ GRADE,140,P,36,
471431,26021232,196055,ATACADOR CHATO 8MM M21020 100% PES C/ GRADE,125,P,48,
471431,26021232,196055,ATACADOR CHATO 8MM M21020 100% PES C/ GRADE,135,P,204,
471431,26021232,196055,ATACADOR CHATO 8MM M21020 100% PES C/ GRADE,130,P,324,
471431,26021233,195808,ATACADOR CHATO 8MM M21020 100% PES C/ GRADE,120,P,24,
471431,26021233,195808,ATACADOR CHATO 8MM M21020 100% PES C/ GRADE,140,P,48,
471431,26021233,195808,ATACADOR CHATO 8MM M21020 100% PES C/ GRADE,130,P,306,
471431,26021233,195808,ATACADOR CHATO 8MM M21020 100% PES C/ GRADE,135,P,204,
471431,26021233,195808,ATACADOR CHATO 8MM M21020 100% PES C/ GRADE,125,P,114,
471431,26021234,195808,ATACADOR CHATO 8MM M21020 100% PES C/ GRADE,120,P,12,
471431,26021234,195808,ATACADOR CHATO 8MM M21020 100% PES C/ GRADE,140,P,48,
471431,26021234,195808,ATACADOR CHATO 8MM M21020 100% PES C/ GRADE,130,P,276,
471431,26021234,195808,ATACADOR CHATO 8MM M21020 100% PES C/ GRADE,135,P,192,
471431,26021234,195808,ATACADOR CHATO 8MM M21020 100% PES C/ GRADE,125,P,84,
472182,26240811,110551,ATACADOR CHATO 6MM M21020 PES 95CM PRETO 100,95,P,4,95
472182,26240811,110552,ATACADOR CHATO 6MM M21020 PES 100CM PRETO,100,P,5,100
472182,26240811,110553,ATACADOR CHATO 6MM M21020 PES 105CM PRETO,105,P,3,105
472182,26240812,110551,ATACADOR CHATO 6MM M21020 PES 95CM PRETO 100,95,P,126,95
472182,26240812,110552,ATACADOR CHATO 6MM M21020 PES 100CM PRETO,100,P,252,100
472182,26240812,110553,ATACADOR CHATO 6MM M21020 PES 105CM PRETO,105,P,126,105
472182,26240813,110551,ATACADOR CHATO 6MM M21020 PES 95CM PRETO 100,95,P,126,95
472182,26240813,110552,ATACADOR CHATO 6MM M21020 PES 100CM PRETO,100,P,252,100
472182,26240813,110553,ATACADOR CHATO 6MM M21020 PES 105CM PRETO,105,P,126,105
472182,26240814,110551,ATACADOR CHATO 6MM M21020 PES 95CM PRETO 100,95,P,132,95
472182,26240814,110552,ATACADOR CHATO 6MM M21020 PES 100CM PRETO,100,P,264,100
472182,26240814,110553,ATACADOR CHATO 6MM M21020 PES 105CM PRETO,105,P,132,105
472183,26240825,110552,ATACADOR CHATO 6MM M21020 PES 100CM PRETO,100,P,4,100
472183,26240825,110553,ATACADOR CHATO 6MM M21020 PES 105CM PRETO,105,P,13,105
472183,26240825,111456,ATACADOR CHATO 6MM M21020 PES 110CM PRETO,110,P,7,110
472183,26240825,111457,ATACADOR CHATO 6MM M21020 PES 115CM PRETO,115,P,1,115
472183,26240826,110552,ATACADOR CHATO 6MM M21020 PES 100CM PRETO,100,P,120,100
472183,26240826,110553,ATACADOR CHATO 6MM M21020 PES 105CM PRETO,105,P,282,105
472183,26240826,111456,ATACADOR CHATO 6MM M21020 PES 110CM PRETO,110,P,150,110
472183,26240826,111457,ATACADOR CHATO 6MM M21020 PES 115CM PRETO,115,P,12,115
472183,26240827,110552,ATACADOR CHATO 6MM M21020 PES 100CM PRETO,100,P,120,100
472183,26240827,110553,ATACADOR CHATO 6MM M21020 PES 105CM PRETO,105,P,282,105
472183,26240827,111456,ATACADOR CHATO 6MM M21020 PES 110CM PRETO,110,P,150,110
472183,26240827,111457,ATACADOR CHATO 6MM M21020 PES 115CM PRETO,115,P,12,115
472183,26240828,110552,ATACADOR CHATO 6MM M21020 PES 100CM PRETO,100,P,120,100
472183,26240828,110553,ATACADOR CHATO 6MM M21020 PES 105CM PRETO,105,P,282,105
472183,26240828,111456,ATACADOR CHATO 6MM M21020 PES 110CM PRETO,110,P,150,110
472183,26240828,111457,ATACADOR CHATO 6MM M21020 PES 115CM PRETO,115,P,12,115
472183,26240829,110552,ATACADOR CHATO 6MM M21020 PES 100CM PRETO,100,P,120,100
472183,26240829,110553,ATACADOR CHATO 6MM M21020 PES 105CM PRETO,105,P,282,105
472183,26240829,111456,ATACADOR CHATO 6MM M21020 PES 110CM PRETO,110,P,150,110
472183,26240829,111457,ATACADOR CHATO 6MM M21020 PES 115CM PRETO,115,P,12,115
472183,26240830,110552,ATACADOR CHATO 6MM M21020 PES 100CM PRETO,100,P,132,100
472183,26240830,110553,ATACADOR CHATO 6MM M21020 PES 105CM PRETO,105,P,276,105
472183,26240830,111456,ATACADOR CHATO 6MM M21020 PES 110CM PRETO,110,P,150,110
472183,26240830,111457,ATACADOR CHATO 6MM M21020 PES 115CM PRETO,115,P,18,115
465813,26240702,202480,ATACADOR CHATO 6MM M21020 100% PES C/ GRADE,105,P,14,
465813,26240702,202480,ATACADOR CHATO 6MM M21020 100% PES C/ GRADE,115,P,1,
465813,26240702,202480,ATACADOR CHATO 6MM M21020 100% PES C/ GRADE,100,P,6,
465813,26240702,202480,ATACADOR CHATO 6MM M21020 100% PES C/ GRADE,110,P,8,
465813,26240703,202480,ATACADOR CHATO 6MM M21020 100% PES C/ GRADE,105,P,330,
465813,26240703,202480,ATACADOR CHATO 6MM M21020 100% PES C/ GRADE,115,P,12,
465813,26240703,202480,ATACADOR CHATO 6MM M21020 100% PES C/ GRADE,100,P,126,
465813,26240703,202480,ATACADOR CHATO 6MM M21020 100% PES C/ GRADE,110,P,162,
465813,26240704,202480,ATACADOR CHATO 6MM M21020 100% PES C/ GRADE,105,P,330,
465813,26240704,202480,ATACADOR CHATO 6MM M21020 100% PES C/ GRADE,115,P,12,
465813,26240704,202480,ATACADOR CHATO 6MM M21020 100% PES C/ GRADE,100,P,126,
465813,26240704,202480,ATACADOR CHATO 6MM M21020 100% PES C/ GRADE,110,P,162,
465813,26240705,202480,ATACADOR CHATO 6MM M21020 100% PES C/ GRADE,105,P,330,
465813,26240705,202480,ATACADOR CHATO 6MM M21020 100% PES C/ GRADE,115,P,12,
465813,26240705,202480,ATACADOR CHATO 6MM M21020 100% PES C/ GRADE,100,P,126,
465813,26240705,202480,ATACADOR CHATO 6MM M21020 100% PES C/ GRADE,110,P,156,
465813,26240706,202480,ATACADOR CHATO 6MM M21020 100% PES C/ GRADE,105,P,324,
465813,26240706,202480,ATACADOR CHATO 6MM M21020 100% PES C/ GRADE,115,P,6,
465813,26240706,202480,ATACADOR CHATO 6MM M21020 100% PES C/ GRADE,100,P,120,
465813,26240706,202480,ATACADOR CHATO 6MM M21020 100% PES C/ GRADE,110,P,150,
467026,26240713,196338,ATACADOR CHATO 6MM M21020 100% PES C/ GRADE,115,P,1,
467026,26240713,196338,ATACADOR CHATO 6MM M21020 100% PES C/ GRADE,110,P,11,
467026,26240713,196338,ATACADOR CHATO 6MM M21020 100% PES C/ GRADE,105,P,22,
467026,26240713,196338,ATACADOR CHATO 6MM M21020 100% PES C/ GRADE,100,P,10,
467026,26240714,196338,ATACADOR CHATO 6MM M21020 100% PES C/ GRADE,115,P,6,
467026,26240714,196338,ATACADOR CHATO 6MM M21020 100% PES C/ GRADE,110,P,138,
467026,26240714,196338,ATACADOR CHATO 6MM M21020 100% PES C/ GRADE,105,P,288,
467026,26240714,196338,ATACADOR CHATO 6MM M21020 100% PES C/ GRADE,100,P,132,
467026,26240715,196338,ATACADOR CHATO 6MM M21020 100% PES C/ GRADE,115,P,6,
467026,26240715,196338,ATACADOR CHATO 6MM M21020 100% PES C/ GRADE,110,P,138,
467026,26240715,196338,ATACADOR CHATO 6MM M21020 100% PES C/ GRADE,105,P,288,
467026,26240715,196338,ATACADOR CHATO 6MM M21020 100% PES C/ GRADE,100,P,132,
467026,26240716,196338,ATACADOR CHATO 6MM M21020 100% PES C/ GRADE,115,P,6,
467026,26240716,196338,ATACADOR CHATO 6MM M21020 100% PES C/ GRADE,110,P,138,
467026,26240716,196338,ATACADOR CHATO 6MM M21020 100% PES C/ GRADE,105,P,288,
467026,26240716,196338,ATACADOR CHATO 6MM M21020 100% PES C/ GRADE,100,P,132,
467026,26240717,196338,ATACADOR CHATO 6MM M21020 100% PES C/ GRADE,115,P,6,
467026,26240717,196338,ATACADOR CHATO 6MM M21020 100% PES C/ GRADE,110,P,138,
467026,26240717,196338,ATACADOR CHATO 6MM M21020 100% PES C/ GRADE,105,P,288,
467026,26240717,196338,ATACADOR CHATO 6MM M21020 100% PES C/ GRADE,100,P,132,
467026,26240718,196338,ATACADOR CHATO 6MM M21020 100% PES C/ GRADE,115,P,12,
467026,26240718,196338,ATACADOR CHATO 6MM M21020 100% PES C/ GRADE,110,P,138,
467026,26240718,196338,ATACADOR CHATO 6MM M21020 100% PES C/ GRADE,105,P,288,
467026,26240718,196338,ATACADOR CHATO 6MM M21020 100% PES C/ GRADE,100,P,132,
467026,26240719,196338,ATACADOR CHATO 6MM M21020 100% PES C/ GRADE,115,P,12,
467026,26240719,196338,ATACADOR CHATO 6MM M21020 100% PES C/ GRADE,110,P,150,
467026,26240719,196338,ATACADOR CHATO 6MM M21020 100% PES C/ GRADE,105,P,294,
467026,26240719,196338,ATACADOR CHATO 6MM M21020 100% PES C/ GRADE,100,P,132,
467026,26240720,196338,ATACADOR CHATO 6MM M21020 100% PES C/ GRADE,115,P,12,
467026,26240720,196338,ATACADOR CHATO 6MM M21020 100% PES C/ GRADE,110,P,150,
467026,26240720,196338,ATACADOR CHATO 6MM M21020 100% PES C/ GRADE,105,P,288,
467026,26240720,196338,ATACADOR CHATO 6MM M21020 100% PES C/ GRADE,100,P,138,
467027,26240726,196338,ATACADOR CHATO 6MM M21020 100% PES C/ GRADE,105,P,6,
467027,26240726,196338,ATACADOR CHATO 6MM M21020 100% PES C/ GRADE,110,P,12,
467027,26240726,196338,ATACADOR CHATO 6MM M21020 100% PES C/ GRADE,120,P,3,
467027,26240726,196338,ATACADOR CHATO 6MM M21020 100% PES C/ GRADE,115,P,9,
467027,26240727,196338,ATACADOR CHATO 6MM M21020 100% PES C/ GRADE,105,P,126,
467027,26240727,196338,ATACADOR CHATO 6MM M21020 100% PES C/ GRADE,110,P,276,
467027,26240727,196338,ATACADOR CHATO 6MM M21020 100% PES C/ GRADE,120,P,48,
467027,26240727,196338,ATACADOR CHATO 6MM M21020 100% PES C/ GRADE,115,P,204,
467027,26240728,196338,ATACADOR CHATO 6MM M21020 100% PES C/ GRADE,105,P,126,
467027,26240728,196338,ATACADOR CHATO 6MM M21020 100% PES C/ GRADE,110,P,276,
467027,26240728,196338,ATACADOR CHATO 6MM M21020 100% PES C/ GRADE,120,P,48,
467027,26240728,196338,ATACADOR CHATO 6MM M21020 100% PES C/ GRADE,115,P,204,
467027,26240729,196338,ATACADOR CHATO 6MM M21020 100% PES C/ GRADE,105,P,126,
467027,26240729,196338,ATACADOR CHATO 6MM M21020 100% PES C/ GRADE,110,P,276,
467027,26240729,196338,ATACADOR CHATO 6MM M21020 100% PES C/ GRADE,120,P,48,
467027,26240729,196338,ATACADOR CHATO 6MM M21020 100% PES C/ GRADE,115,P,198,
467027,26240730,196338,ATACADOR CHATO 6MM M21020 100% PES C/ GRADE,105,P,132,
467027,26240730,196338,ATACADOR CHATO 6MM M21020 100% PES C/ GRADE,110,P,276,
467027,26240730,196338,ATACADOR CHATO 6MM M21020 100% PES C/ GRADE,120,P,54,
467027,26240730,196338,ATACADOR CHATO 6MM M21020 100% PES C/ GRADE,115,P,192,
468053,26021147,195808,ATACADOR CHATO 8MM M21020 100% PES C/ GRADE,110,P,102,
468053,26021147,195808,ATACADOR CHATO 8MM M21020 100% PES C/ GRADE,120,P,300,
468053,26021147,195808,ATACADOR CHATO 8MM M21020 100% PES C/ GRADE,115,P,288,
468053,26021148,195808,ATACADOR CHATO 8MM M21020 100% PES C/ GRADE,110,P,84,
468053,26021148,195808,ATACADOR CHATO 8MM M21020 100% PES C/ GRADE,120,P,264,
468053,26021148,195808,ATACADOR CHATO 8MM M21020 100% PES C/ GRADE,115,P,264,
468053,26021149,195807,ATACADOR CHATO 8MM M21020 100% PES C/ GRADE,120,P,228,
468053,26021149,195807,ATACADOR CHATO 8MM M21020 100% PES C/ GRADE,110,P,102,
468053,26021149,195807,ATACADOR CHATO 8MM M21020 100% PES C/ GRADE,115,P,372,
468053,26021150,195807,ATACADOR CHATO 8MM M21020 100% PES C/ GRADE,120,P,192,
468053,26021150,195807,ATACADOR CHATO 8MM M21020 100% PES C/ GRADE,110,P,84,
468053,26021150,195807,ATACADOR CHATO 8MM M21020 100% PES C/ GRADE,115,P,348,
468053,26021151,195807,ATACADOR CHATO 8MM M21020 100% PES C/ GRADE,120,P,192,
468053,26021151,195807,ATACADOR CHATO 8MM M21020 100% PES C/ GRADE,110,P,84,
468053,26021151,195807,ATACADOR CHATO 8MM M21020 100% PES C/ GRADE,115,P,348,
468056,26021155,195808,ATACADOR CHATO 8MM M21020 100% PES C/ GRADE,105,P,54,
468056,26021155,195808,ATACADOR CHATO 8MM M21020 100% PES C/ GRADE,115,P,276,
468056,26021155,195808,ATACADOR CHATO 8MM M21020 100% PES C/ GRADE,110,P,354,
468056,26021156,195808,ATACADOR CHATO 8MM M21020 100% PES C/ GRADE,105,P,48,
468056,26021156,195808,ATACADOR CHATO 8MM M21020 100% PES C/ GRADE,115,P,264,
468056,26021156,195808,ATACADOR CHATO 8MM M21020 100% PES C/ GRADE,110,P,312,
468056,26021157,195807,ATACADOR CHATO 8MM M21020 100% PES C/ GRADE,105,P,108,
468056,26021157,195807,ATACADOR CHATO 8MM M21020 100% PES C/ GRADE,110,P,354,
468056,26021157,195807,ATACADOR CHATO 8MM M21020 100% PES C/ GRADE,115,P,216,
468056,26021158,195807,ATACADOR CHATO 8MM M21020 100% PES C/ GRADE,105,P,84,
468056,26021158,195807,ATACADOR CHATO 8MM M21020 100% PES C/ GRADE,110,P,336,
468056,26021158,195807,ATACADOR CHATO 8MM M21020 100% PES C/ GRADE,115,P,204,
468056,26021159,195807,ATACADOR CHATO 8MM M21020 100% PES C/ GRADE,105,P,108,
468056,26021159,195807,ATACADOR CHATO 8MM M21020 100% PES C/ GRADE,110,P,342,
468056,26021159,195807,ATACADOR CHATO 8MM M21020 100% PES C/ GRADE,115,P,216,
468056,26021159,195807,ATACADOR CHATO 8MM M21020 100% PES C/ GRADE,100,P,12,
468056,26021160,195807,ATACADOR CHATO 8MM M21020 100% PES C/ GRADE,105,P,96,
468056,26021160,195807,ATACADOR CHATO 8MM M21020 100% PES C/ GRADE,110,P,336,
468056,26021160,195807,ATACADOR CHATO 8MM M21020 100% PES C/ GRADE,115,P,180,
468060,26021171,195808,ATACADOR CHATO 8MM M21020 100% PES C/ GRADE,125,P,396,
468060,26021171,195808,ATACADOR CHATO 8MM M21020 100% PES C/ GRADE,130,P,204,
468060,26021171,195808,ATACADOR CHATO 8MM M21020 100% PES C/ GRADE,120,P,90,
468060,26021172,195808,ATACADOR CHATO 8MM M21020 100% PES C/ GRADE,125,P,360,
468060,26021172,195808,ATACADOR CHATO 8MM M21020 100% PES C/ GRADE,130,P,180,
468060,26021172,195808,ATACADOR CHATO 8MM M21020 100% PES C/ GRADE,120,P,72,
468060,26021173,195807,ATACADOR CHATO 8MM M21020 100% PES C/ GRADE,130,P,216,
468060,26021173,195807,ATACADOR CHATO 8MM M21020 100% PES C/ GRADE,125,P,390,
468060,26021173,195807,ATACADOR CHATO 8MM M21020 100% PES C/ GRADE,120,P,78,
468060,26021174,195807,ATACADOR CHATO 8MM M21020 100% PES C/ GRADE,130,P,204,
468060,26021174,195807,ATACADOR CHATO 8MM M21020 100% PES C/ GRADE,125,P,360,
468060,26021174,195807,ATACADOR CHATO 8MM M21020 100% PES C/ GRADE,120,P,60,
468060,26021175,195807,ATACADOR CHATO 8MM M21020 100% PES C/ GRADE,130,P,204,
468060,26021175,195807,ATACADOR CHATO 8MM M21020 100% PES C/ GRADE,125,P,378,
468060,26021175,195807,ATACADOR CHATO 8MM M21020 100% PES C/ GRADE,120,P,102,
468060,26021176,195807,ATACADOR CHATO 8MM M21020 100% PES C/ GRADE,130,P,180,
468060,26021176,195807,ATACADOR CHATO 8MM M21020 100% PES C/ GRADE,125,P,372,
468060,26021176,195807,ATACADOR CHATO 8MM M21020 100% PES C/ GRADE,120,P,72,
468061,26021179,195807,ATACADOR CHATO 8MM M21020 100% PES C/ GRADE,110,P,432,
468061,26021179,195807,ATACADOR CHATO 8MM M21020 100% PES C/ GRADE,105,P,150,
468061,26021179,195807,ATACADOR CHATO 8MM M21020 100% PES C/ GRADE,100,P,18,
468061,26021179,195807,ATACADOR CHATO 8MM M21020 100% PES C/ GRADE,115,P,84,
468061,26021180,195807,ATACADOR CHATO 8MM M21020 100% PES C/ GRADE,110,P,432,
468061,26021180,195807,ATACADOR CHATO 8MM M21020 100% PES C/ GRADE,105,P,108,
468061,26021180,195807,ATACADOR CHATO 8MM M21020 100% PES C/ GRADE,115,P,72,
468062,26021186,195807,ATACADOR CHATO 8MM M21020 100% PES C/ GRADE,125,P,210,
468062,26021186,195807,ATACADOR CHATO 8MM M21020 100% PES C/ GRADE,115,P,114,
468062,26021186,195807,ATACADOR CHATO 8MM M21020 100% PES C/ GRADE,120,P,354,
468062,26021187,195807,ATACADOR CHATO 8MM M21020 100% PES C/ GRADE,125,P,192,
468062,26021187,195807,ATACADOR CHATO 8MM M21020 100% PES C/ GRADE,115,P,84,
468062,26021187,195807,ATACADOR CHATO 8MM M21020 100% PES C/ GRADE,120,P,348,
468062,26021188,195808,ATACADOR CHATO 8MM M21020 100% PES C/ GRADE,115,P,240,
468062,26021188,195808,ATACADOR CHATO 8MM M21020 100% PES C/ GRADE,110,P,96,
468062,26021188,195808,ATACADOR CHATO 8MM M21020 100% PES C/ GRADE,125,P,138,
468062,26021188,195808,ATACADOR CHATO 8MM M21020 100% PES C/ GRADE,120,P,222,
468062,26021189,195808,ATACADOR CHATO 8MM M21020 100% PES C/ GRADE,115,P,216,
468062,26021189,195808,ATACADOR CHATO 8MM M21020 100% PES C/ GRADE,110,P,72,
468062,26021189,195808,ATACADOR CHATO 8MM M21020 100% PES C/ GRADE,125,P,108,
468062,26021189,195808,ATACADOR CHATO 8MM M21020 100% PES C/ GRADE,120,P,228,
468062,26021190,195808,ATACADOR CHATO 8MM M21020 100% PES C/ GRADE,115,P,216,
468062,26021190,195808,ATACADOR CHATO 8MM M21020 100% PES C/ GRADE,110,P,72,
468062,26021190,195808,ATACADOR CHATO 8MM M21020 100% PES C/ GRADE,125,P,108,
468062,26021190,195808,ATACADOR CHATO 8MM M21020 100% PES C/ GRADE,120,P,228,
473910,26240845,196338,ATACADOR CHATO 6MM M21020 100% PES C/ GRADE,115,P,15,
473910,26240845,196338,ATACADOR CHATO 6MM M21020 100% PES C/ GRADE,110,P,7,
473910,26240845,196338,ATACADOR CHATO 6MM M21020 100% PES C/ GRADE,120,P,10,
473910,26240845,196338,ATACADOR CHATO 6MM M21020 100% PES C/ GRADE,125,P,3,
473910,26240846,196338,ATACADOR CHATO 6MM M21020 100% PES C/ GRADE,115,P,246,
473910,26240846,196338,ATACADOR CHATO 6MM M21020 100% PES C/ GRADE,110,P,102,
473910,26240846,196338,ATACADOR CHATO 6MM M21020 100% PES C/ GRADE,120,P,168,
473910,26240846,196338,ATACADOR CHATO 6MM M21020 100% PES C/ GRADE,125,P,42,
473910,26240847,196338,ATACADOR CHATO 6MM M21020 100% PES C/ GRADE,115,P,246,
473910,26240847,196338,ATACADOR CHATO 6MM M21020 100% PES C/ GRADE,110,P,102,
473910,26240847,196338,ATACADOR CHATO 6MM M21020 100% PES C/ GRADE,120,P,168,
473910,26240847,196338,ATACADOR CHATO 6MM M21020 100% PES C/ GRADE,125,P,42,
473910,26240848,196338,ATACADOR CHATO 6MM M21020 100% PES C/ GRADE,115,P,246,
473910,26240848,196338,ATACADOR CHATO 6MM M21020 100% PES C/ GRADE,110,P,102,
473910,26240848,196338,ATACADOR CHATO 6MM M21020 100% PES C/ GRADE,120,P,168,
473910,26240848,196338,ATACADOR CHATO 6MM M21020 100% PES C/ GRADE,125,P,42,
473910,26240849,196338,ATACADOR CHATO 6MM M21020 100% PES C/ GRADE,115,P,246,
473910,26240849,196338,ATACADOR CHATO 6MM M21020 100% PES C/ GRADE,110,P,102,
473910,26240849,196338,ATACADOR CHATO 6MM M21020 100% PES C/ GRADE,120,P,162,
473910,26240849,196338,ATACADOR CHATO 6MM M21020 100% PES C/ GRADE,125,P,36,
473910,26240850,196338,ATACADOR CHATO 6MM M21020 100% PES C/ GRADE,115,P,252,
473910,26240850,196338,ATACADOR CHATO 6MM M21020 100% PES C/ GRADE,110,P,108,
473910,26240850,196338,ATACADOR CHATO 6MM M21020 100% PES C/ GRADE,120,P,156,
473910,26240850,196338,ATACADOR CHATO 6MM M21020 100% PES C/ GRADE,125,P,42,
473910,26240851,196338,ATACADOR CHATO 6MM M21020 100% PES C/ GRADE,115,P,252,
473910,26240851,196338,ATACADOR CHATO 6MM M21020 100% PES C/ GRADE,110,P,108,
473910,26240851,196338,ATACADOR CHATO 6MM M21020 100% PES C/ GRADE,120,P,156,
473910,26240851,196338,ATACADOR CHATO 6MM M21020 100% PES C/ GRADE,125,P,42,
473911,26240858,196338,ATACADOR CHATO 6MM M21020 100% PES C/ GRADE,105,P,5,
473911,26240858,196338,ATACADOR CHATO 6MM M21020 100% PES C/ GRADE,110,P,10,
473911,26240858,196338,ATACADOR CHATO 6MM M21020 100% PES C/ GRADE,115,P,8,
473911,26240858,196338,ATACADOR CHATO 6MM M21020 100% PES C/ GRADE,120,P,3,
473911,26240859,196338,ATACADOR CHATO 6MM M21020 100% PES C/ GRADE,105,P,96,
473911,26240859,196338,ATACADOR CHATO 6MM M21020 100% PES C/ GRADE,110,P,222,
473911,26240859,196338,ATACADOR CHATO 6MM M21020 100% PES C/ GRADE,115,P,168,
473911,26240859,196338,ATACADOR CHATO 6MM M21020 100% PES C/ GRADE,120,P,48,
473911,26240860,196338,ATACADOR CHATO 6MM M21020 100% PES C/ GRADE,105,P,96,
473911,26240860,196338,ATACADOR CHATO 6MM M21020 100% PES C/ GRADE,110,P,222,
473911,26240860,196338,ATACADOR CHATO 6MM M21020 100% PES C/ GRADE,115,P,168,
473911,26240860,196338,ATACADOR CHATO 6MM M21020 100% PES C/ GRADE,120,P,48,
473911,26240861,196338,ATACADOR CHATO 6MM M21020 100% PES C/ GRADE,105,P,96,
473911,26240861,196338,ATACADOR CHATO 6MM M21020 100% PES C/ GRADE,110,P,216,
473911,26240861,196338,ATACADOR CHATO 6MM M21020 100% PES C/ GRADE,115,P,162,
473911,26240861,196338,ATACADOR CHATO 6MM M21020 100% PES C/ GRADE,120,P,48,
473911,26240862,196338,ATACADOR CHATO 6MM M21020 100% PES C/ GRADE,105,P,90,
473911,26240862,196338,ATACADOR CHATO 6MM M21020 100% PES C/ GRADE,110,P,210,
473911,26240862,196338,ATACADOR CHATO 6MM M21020 100% PES C/ GRADE,115,P,162,
473911,26240862,196338,ATACADOR CHATO 6MM M21020 100% PES C/ GRADE,120,P,42,
475210,26240883,196338,ATACADOR CHATO 6MM M21020 100% PES C/ GRADE,100,P,10,
475210,26240883,196338,ATACADOR CHATO 6MM M21020 100% PES C/ GRADE,115,P,2,
475210,26240883,196338,ATACADOR CHATO 6MM M21020 100% PES C/ GRADE,110,P,13,
475210,26240883,196338,ATACADOR CHATO 6MM M21020 100% PES C/ GRADE,105,P,20,
475210,26240884,196338,ATACADOR CHATO 6MM M21020 100% PES C/ GRADE,100,P,138,
475210,26240884,196338,ATACADOR CHATO 6MM M21020 100% PES C/ GRADE,115,P,12,
475210,26240884,196338,ATACADOR CHATO 6MM M21020 100% PES C/ GRADE,110,P,162,
475210,26240884,196338,ATACADOR CHATO 6MM M21020 100% PES C/ GRADE,105,P,270,
475210,26240885,196338,ATACADOR CHATO 6MM M21020 100% PES C/ GRADE,100,P,138,
475210,26240885,196338,ATACADOR CHATO 6MM M21020 100% PES C/ GRADE,115,P,12,
475210,26240885,196338,ATACADOR CHATO 6MM M21020 100% PES C/ GRADE,110,P,162,
475210,26240885,196338,ATACADOR CHATO 6MM M21020 100% PES C/ GRADE,105,P,270,
475210,26240886,196338,ATACADOR CHATO 6MM M21020 100% PES C/ GRADE,100,P,138,
475210,26240886,196338,ATACADOR CHATO 6MM M21020 100% PES C/ GRADE,115,P,12,
475210,26240886,196338,ATACADOR CHATO 6MM M21020 100% PES C/ GRADE,110,P,162,
475210,26240886,196338,ATACADOR CHATO 6MM M21020 100% PES C/ GRADE,105,P,270,
475210,26240887,196338,ATACADOR CHATO 6MM M21020 100% PES C/ GRADE,100,P,138,
475210,26240887,196338,ATACADOR CHATO 6MM M21020 100% PES C/ GRADE,115,P,12,
475210,26240887,196338,ATACADOR CHATO 6MM M21020 100% PES C/ GRADE,110,P,162,
475210,26240887,196338,ATACADOR CHATO 6MM M21020 100% PES C/ GRADE,105,P,270,
475210,26240888,196338,ATACADOR CHATO 6MM M21020 100% PES C/ GRADE,100,P,132,
475210,26240888,196338,ATACADOR CHATO 6MM M21020 100% PES C/ GRADE,115,P,18,
475210,26240888,196338,ATACADOR CHATO 6MM M21020 100% PES C/ GRADE,110,P,156,
475210,26240888,196338,ATACADOR CHATO 6MM M21020 100% PES C/ GRADE,105,P,270,
475210,26240889,196338,ATACADOR CHATO 6MM M21020 100% PES C/ GRADE,100,P,126,
475210,26240889,196338,ATACADOR CHATO 6MM M21020 100% PES C/ GRADE,115,P,18,
475210,26240889,196338,ATACADOR CHATO 6MM M21020 100% PES C/ GRADE,110,P,156,
475210,26240889,196338,ATACADOR CHATO 6MM M21020 100% PES C/ GRADE,105,P,270,
475210,26240890,196338,ATACADOR CHATO 6MM M21020 100% PES C/ GRADE,100,P,126,
475210,26240890,196338,ATACADOR CHATO 6MM M21020 100% PES C/ GRADE,115,P,18,
475210,26240890,196338,ATACADOR CHATO 6MM M21020 100% PES C/ GRADE,110,P,150,
475210,26240890,196338,ATACADOR CHATO 6MM M21020 100% PES C/ GRADE,105,P,270,
474303,26021235,195807,ATACADOR CHATO 8MM M21020 100% PES C/ GRADE,105,P,18,
474303,26021235,195807,ATACADOR CHATO 8MM M21020 100% PES C/ GRADE,110,P,96,
474303,26021236,196055,ATACADOR CHATO 8MM M21020 100% PES C/ GRADE,105,P,102,
474303,26021236,196055,ATACADOR CHATO 8MM M21020 100% PES C/ GRADE,100,P,6,
474303,26021236,196055,ATACADOR CHATO 8MM M21020 100% PES C/ GRADE,110,P,336,
474303,26021236,196055,ATACADOR CHATO 8MM M21020 100% PES C/ GRADE,115,P,246,
474303,26021237,196055,ATACADOR CHATO 8MM M21020 100% PES C/ GRADE,105,P,72,
474303,26021237,196055,ATACADOR CHATO 8MM M21020 100% PES C/ GRADE,110,P,324,
474303,26021237,196055,ATACADOR CHATO 8MM M21020 100% PES C/ GRADE,115,P,228,
474303,26021238,196055,ATACADOR CHATO 8MM M21020 100% PES C/ GRADE,105,P,72,
474303,26021238,196055,ATACADOR CHATO 8MM M21020 100% PES C/ GRADE,110,P,324,
474303,26021238,196055,ATACADOR CHATO 8MM M21020 100% PES C/ GRADE,115,P,228,
474303,26021239,195808,ATACADOR CHATO 8MM M21020 100% PES C/ GRADE,100,P,18,
474303,26021239,195808,ATACADOR CHATO 8MM M21020 100% PES C/ GRADE,115,P,198,
474303,26021239,195808,ATACADOR CHATO 8MM M21020 100% PES C/ GRADE,105,P,126,
474303,26021239,195808,ATACADOR CHATO 8MM M21020 100% PES C/ GRADE,110,P,438,
474303,26021240,195808,ATACADOR CHATO 8MM M21020 100% PES C/ GRADE,115,P,156,
474303,26021240,195808,ATACADOR CHATO 8MM M21020 100% PES C/ GRADE,105,P,84,
474303,26021240,195808,ATACADOR CHATO 8MM M21020 100% PES C/ GRADE,110,P,384,
474303,26021241,195808,ATACADOR CHATO 8MM M21020 100% PES C/ GRADE,115,P,156,
474303,26021241,195808,ATACADOR CHATO 8MM M21020 100% PES C/ GRADE,105,P,84,
474303,26021241,195808,ATACADOR CHATO 8MM M21020 100% PES C/ GRADE,110,P,384,
474303,26021242,195808,ATACADOR CHATO 8MM M21020 100% PES C/ GRADE,115,P,156,
474303,26021242,195808,ATACADOR CHATO 8MM M21020 100% PES C/ GRADE,105,P,84,
474303,26021242,195808,ATACADOR CHATO 8MM M21020 100% PES C/ GRADE,110,P,384,
474303,26021243,195808,ATACADOR CHATO 8MM M21020 100% PES C/ GRADE,115,P,156,
474303,26021243,195808,ATACADOR CHATO 8MM M21020 100% PES C/ GRADE,105,P,84,
474303,26021243,195808,ATACADOR CHATO 8MM M21020 100% PES C/ GRADE,110,P,384,
474303,26021244,195808,ATACADOR CHATO 8MM M21020 100% PES C/ GRADE,115,P,156,
474303,26021244,195808,ATACADOR CHATO 8MM M21020 100% PES C/ GRADE,105,P,84,
474303,26021244,195808,ATACADOR CHATO 8MM M21020 100% PES C/ GRADE,110,P,384,
474303,26021245,195807,ATACADOR CHATO 8MM M21020 100% PES C/ GRADE,105,P,108,
474303,26021245,195807,ATACADOR CHATO 8MM M21020 100% PES C/ GRADE,110,P,450,
474303,26021245,195807,ATACADOR CHATO 8MM M21020 100% PES C/ GRADE,115,P,270,
474303,26021246,195807,ATACADOR CHATO 8MM M21020 100% PES C/ GRADE,105,P,72,
474303,26021246,195807,ATACADOR CHATO 8MM M21020 100% PES C/ GRADE,110,P,396,
474303,26021246,195807,ATACADOR CHATO 8MM M21020 100% PES C/ GRADE,115,P,156,
474303,26021247,195807,ATACADOR CHATO 8MM M21020 100% PES C/ GRADE,105,P,72,
474303,26021247,195807,ATACADOR CHATO 8MM M21020 100% PES C/ GRADE,110,P,396,
474303,26021247,195807,ATACADOR CHATO 8MM M21020 100% PES C/ GRADE,115,P,156,
474303,26021248,195807,ATACADOR CHATO 8MM M21020 100% PES C/ GRADE,105,P,72,
474303,26021248,195807,ATACADOR CHATO 8MM M21020 100% PES C/ GRADE,110,P,396,
474303,26021248,195807,ATACADOR CHATO 8MM M21020 100% PES C/ GRADE,115,P,156,
474303,26021249,195807,ATACADOR CHATO 8MM M21020 100% PES C/ GRADE,105,P,72,
474303,26021249,195807,ATACADOR CHATO 8MM M21020 100% PES C/ GRADE,110,P,396,
474303,26021249,195807,ATACADOR CHATO 8MM M21020 100% PES C/ GRADE,115,P,156,
474303,26021250,195807,ATACADOR CHATO 8MM M21020 100% PES C/ GRADE,105,P,72,
474303,26021250,195807,ATACADOR CHATO 8MM M21020 100% PES C/ GRADE,110,P,396,
474303,26021250,195807,ATACADOR CHATO 8MM M21020 100% PES C/ GRADE,115,P,156,
474303,26021251,195807,ATACADOR CHATO 8MM M21020 100% PES C/ GRADE,105,P,72,
474303,26021251,195807,ATACADOR CHATO 8MM M21020 100% PES C/ GRADE,110,P,396,
474303,26021251,195807,ATACADOR CHATO 8MM M21020 100% PES C/ GRADE,115,P,156,
474303,26021252,195807,ATACADOR CHATO 8MM M21020 100% PES C/ GRADE,105,P,72,
474303,26021252,195807,ATACADOR CHATO 8MM M21020 100% PES C/ GRADE,110,P,396,
474303,26021252,195807,ATACADOR CHATO 8MM M21020 100% PES C/ GRADE,115,P,156,
474304,26021253,196055,ATACADOR CHATO 8MM M21020 100% PES C/ GRADE,115,P,246,
474304,26021253,196055,ATACADOR CHATO 8MM M21020 100% PES C/ GRADE,110,P,354,
474304,26021253,196055,ATACADOR CHATO 8MM M21020 100% PES C/ GRADE,105,P,66,
474304,26021254,196055,ATACADOR CHATO 8MM M21020 100% PES C/ GRADE,115,P,228,
474304,26021254,196055,ATACADOR CHATO 8MM M21020 100% PES C/ GRADE,110,P,348,
474304,26021254,196055,ATACADOR CHATO 8MM M21020 100% PES C/ GRADE,105,P,60,
474304,26021255,195807,ATACADOR CHATO 8MM M21020 100% PES C/ GRADE,110,P,372,
474304,26021255,195807,ATACADOR CHATO 8MM M21020 100% PES C/ GRADE,115,P,246,
474304,26021255,195807,ATACADOR CHATO 8MM M21020 100% PES C/ GRADE,105,P,60,
474304,26021256,195807,ATACADOR CHATO 8MM M21020 100% PES C/ GRADE,110,P,348,
474304,26021256,195807,ATACADOR CHATO 8MM M21020 100% PES C/ GRADE,115,P,216,
474304,26021256,195807,ATACADOR CHATO 8MM M21020 100% PES C/ GRADE,105,P,60,
474304,26021257,195807,ATACADOR CHATO 8MM M21020 100% PES C/ GRADE,110,P,402,
474304,26021257,195807,ATACADOR CHATO 8MM M21020 100% PES C/ GRADE,115,P,282,
474304,26021257,195807,ATACADOR CHATO 8MM M21020 100% PES C/ GRADE,105,P,72,
474304,26021257,195807,ATACADOR CHATO 8MM M21020 100% PES C/ GRADE,100,P,60,
474304,26021258,195807,ATACADOR CHATO 8MM M21020 100% PES C/ GRADE,110,P,336,
474304,26021258,195807,ATACADOR CHATO 8MM M21020 100% PES C/ GRADE,115,P,204,
474304,26021258,195807,ATACADOR CHATO 8MM M21020 100% PES C/ GRADE,105,P,60,
474304,26021259,195807,ATACADOR CHATO 8MM M21020 100% PES C/ GRADE,110,P,336,
474304,26021259,195807,ATACADOR CHATO 8MM M21020 100% PES C/ GRADE,115,P,204,
474304,26021259,195807,ATACADOR CHATO 8MM M21020 100% PES C/ GRADE,105,P,60,
474304,26021260,195807,ATACADOR CHATO 8MM M21020 100% PES C/ GRADE,110,P,336,
474304,26021260,195807,ATACADOR CHATO 8MM M21020 100% PES C/ GRADE,115,P,204,
474304,26021260,195807,ATACADOR CHATO 8MM M21020 100% PES C/ GRADE,105,P,60,
474305,26021281,195808,ATACADOR CHATO 8MM M21020 100% PES C/ GRADE,115,P,300,
474305,26021281,195808,ATACADOR CHATO 8MM M21020 100% PES C/ GRADE,110,P,330,
474305,26021281,195808,ATACADOR CHATO 8MM M21020 100% PES C/ GRADE,105,P,36,
474305,26021282,195808,ATACADOR CHATO 8MM M21020 100% PES C/ GRADE,115,P,288,
474305,26021282,195808,ATACADOR CHATO 8MM M21020 100% PES C/ GRADE,110,P,312,
474305,26021282,195808,ATACADOR CHATO 8MM M21020 100% PES C/ GRADE,105,P,36,
474305,26021283,195807,ATACADOR CHATO 8MM M21020 100% PES C/ GRADE,115,P,258,
474305,26021283,195807,ATACADOR CHATO 8MM M21020 100% PES C/ GRADE,110,P,396,
474305,26021283,195807,ATACADOR CHATO 8MM M21020 100% PES C/ GRADE,100,P,12,
474305,26021283,195807,ATACADOR CHATO 8MM M21020 100% PES C/ GRADE,105,P,90,
474305,26021284,195807,ATACADOR CHATO 8MM M21020 100% PES C/ GRADE,115,P,228,
474305,26021284,195807,ATACADOR CHATO 8MM M21020 100% PES C/ GRADE,110,P,336,
474305,26021284,195807,ATACADOR CHATO 8MM M21020 100% PES C/ GRADE,105,P,48,
474305,26021285,195807,ATACADOR CHATO 8MM M21020 100% PES C/ GRADE,115,P,228,
474305,26021285,195807,ATACADOR CHATO 8MM M21020 100% PES C/ GRADE,110,P,336,
474305,26021285,195807,ATACADOR CHATO 8MM M21020 100% PES C/ GRADE,105,P,48,
474305,26021286,195807,ATACADOR CHATO 8MM M21020 100% PES C/ GRADE,115,P,228,
474305,26021286,195807,ATACADOR CHATO 8MM M21020 100% PES C/ GRADE,110,P,336,
474305,26021286,195807,ATACADOR CHATO 8MM M21020 100% PES C/ GRADE,105,P,48,
474305,26021287,195807,ATACADOR CHATO 8MM M21020 100% PES C/ GRADE,115,P,288,
474305,26021287,195807,ATACADOR CHATO 8MM M21020 100% PES C/ GRADE,110,P,336,
474305,26021287,195807,ATACADOR CHATO 8MM M21020 100% PES C/ GRADE,105,P,54,
474305,26021288,195807,ATACADOR CHATO 8MM M21020 100% PES C/ GRADE,115,P,276,
474305,26021288,195807,ATACADOR CHATO 8MM M21020 100% PES C/ GRADE,110,P,312,
474305,26021288,195807,ATACADOR CHATO 8MM M21020 100% PES C/ GRADE,105,P,36,
474306,26021269,195808,ATACADOR CHATO 8MM M21020 100% PES C/ GRADE,120,P,12,
474306,26021269,195808,ATACADOR CHATO 8MM M21020 100% PES C/ GRADE,135,P,180,
474306,26021269,195808,ATACADOR CHATO 8MM M21020 100% PES C/ GRADE,130,P,390,
474306,26021269,195808,ATACADOR CHATO 8MM M21020 100% PES C/ GRADE,125,P,84,
474306,26021270,195808,ATACADOR CHATO 8MM M21020 100% PES C/ GRADE,135,P,168,
474306,26021270,195808,ATACADOR CHATO 8MM M21020 100% PES C/ GRADE,130,P,396,
474306,26021270,195808,ATACADOR CHATO 8MM M21020 100% PES C/ GRADE,125,P,72,
474306,26021271,195808,ATACADOR CHATO 8MM M21020 100% PES C/ GRADE,135,P,222,
474306,26021271,195808,ATACADOR CHATO 8MM M21020 100% PES C/ GRADE,130,P,372,
474306,26021271,195808,ATACADOR CHATO 8MM M21020 100% PES C/ GRADE,125,P,132,
474306,26021272,195808,ATACADOR CHATO 8MM M21020 100% PES C/ GRADE,135,P,168,
474306,26021272,195808,ATACADOR CHATO 8MM M21020 100% PES C/ GRADE,130,P,360,
474306,26021272,195808,ATACADOR CHATO 8MM M21020 100% PES C/ GRADE,125,P,96,
474306,26021273,195808,ATACADOR CHATO 8MM M21020 100% PES C/ GRADE,135,P,168,
474306,26021273,195808,ATACADOR CHATO 8MM M21020 100% PES C/ GRADE,130,P,360,
474306,26021273,195808,ATACADOR CHATO 8MM M21020 100% PES C/ GRADE,125,P,96,
474306,26021274,195808,ATACADOR CHATO 8MM M21020 100% PES C/ GRADE,135,P,168,
474306,26021274,195808,ATACADOR CHATO 8MM M21020 100% PES C/ GRADE,130,P,360,
474306,26021274,195808,ATACADOR CHATO 8MM M21020 100% PES C/ GRADE,125,P,96,
476296,26021289,195808,ATACADOR CHATO 8MM M21020 100% PES C/ GRADE,100,P,42,
476296,26021289,195808,ATACADOR CHATO 8MM M21020 100% PES C/ GRADE,105,P,114,
476296,26021289,195808,ATACADOR CHATO 8MM M21020 100% PES C/ GRADE,110,P,366,
476296,26021289,195808,ATACADOR CHATO 8MM M21020 100% PES C/ GRADE,115,P,252,
476296,26021290,195808,ATACADOR CHATO 8MM M21020 100% PES C/ GRADE,105,P,84,
476296,26021290,195808,ATACADOR CHATO 8MM M21020 100% PES C/ GRADE,110,P,300,
476296,26021290,195808,ATACADOR CHATO 8MM M21020 100% PES C/ GRADE,115,P,228,
476296,26021291,195808,ATACADOR CHATO 8MM M21020 100% PES C/ GRADE,105,P,84,
476296,26021291,195808,ATACADOR CHATO 8MM M21020 100% PES C/ GRADE,110,P,300,
476296,26021291,195808,ATACADOR CHATO 8MM M21020 100% PES C/ GRADE,115,P,228,
476296,26021292,195808,ATACADOR CHATO 8MM M21020 100% PES C/ GRADE,105,P,84,
476296,26021292,195808,ATACADOR CHATO 8MM M21020 100% PES C/ GRADE,110,P,300,
476296,26021292,195808,ATACADOR CHATO 8MM M21020 100% PES C/ GRADE,115,P,228,
476296,26021293,195807,ATACADOR CHATO 8MM M21020 100% PES C/ GRADE,110,P,366,
476296,26021293,195807,ATACADOR CHATO 8MM M21020 100% PES C/ GRADE,105,P,198,
476296,26021293,195807,ATACADOR CHATO 8MM M21020 100% PES C/ GRADE,100,P,48,
476296,26021293,195807,ATACADOR CHATO 8MM M21020 100% PES C/ GRADE,115,P,78,
476296,26021294,195807,ATACADOR CHATO 8MM M21020 100% PES C/ GRADE,110,P,348,
476296,26021294,195807,ATACADOR CHATO 8MM M21020 100% PES C/ GRADE,105,P,180,
476296,26021294,195807,ATACADOR CHATO 8MM M21020 100% PES C/ GRADE,100,P,24,
476296,26021294,195807,ATACADOR CHATO 8MM M21020 100% PES C/ GRADE,115,P,48,
476296,26021295,195807,ATACADOR CHATO 8MM M21020 100% PES C/ GRADE,110,P,360,
476296,26021295,195807,ATACADOR CHATO 8MM M21020 100% PES C/ GRADE,105,P,126,
476296,26021295,195807,ATACADOR CHATO 8MM M21020 100% PES C/ GRADE,100,P,30,
476296,26021295,195807,ATACADOR CHATO 8MM M21020 100% PES C/ GRADE,115,P,264,
476296,26021296,195807,ATACADOR CHATO 8MM M21020 100% PES C/ GRADE,110,P,324,
476296,26021296,195807,ATACADOR CHATO 8MM M21020 100% PES C/ GRADE,105,P,72,
476296,26021296,195807,ATACADOR CHATO 8MM M21020 100% PES C/ GRADE,115,P,228,
476296,26021297,195807,ATACADOR CHATO 8MM M21020 100% PES C/ GRADE,110,P,324,
476296,26021297,195807,ATACADOR CHATO 8MM M21020 100% PES C/ GRADE,105,P,72,
476296,26021297,195807,ATACADOR CHATO 8MM M21020 100% PES C/ GRADE,115,P,228,
476296,26021298,195807,ATACADOR CHATO 8MM M21020 100% PES C/ GRADE,110,P,324,
476296,26021298,195807,ATACADOR CHATO 8MM M21020 100% PES C/ GRADE,105,P,72,
476296,26021298,195807,ATACADOR CHATO 8MM M21020 100% PES C/ GRADE,115,P,228,
476296,26021299,195807,ATACADOR CHATO 8MM M21020 100% PES C/ GRADE,110,P,324,
476296,26021299,195807,ATACADOR CHATO 8MM M21020 100% PES C/ GRADE,105,P,72,
476296,26021299,195807,ATACADOR CHATO 8MM M21020 100% PES C/ GRADE,115,P,228,
476296,26021300,195807,ATACADOR CHATO 8MM M21020 100% PES C/ GRADE,110,P,324,
476296,26021300,195807,ATACADOR CHATO 8MM M21020 100% PES C/ GRADE,105,P,72,
476296,26021300,195807,ATACADOR CHATO 8MM M21020 100% PES C/ GRADE,115,P,228,
476297,26021305,195808,ATACADOR CHATO 8MM M21020 100% PES C/ GRADE,110,P,402,
476297,26021305,195808,ATACADOR CHATO 8MM M21020 100% PES C/ GRADE,115,P,198,
476297,26021305,195808,ATACADOR CHATO 8MM M21020 100% PES C/ GRADE,105,P,84,
476297,26021306,195808,ATACADOR CHATO 8MM M21020 100% PES C/ GRADE,110,P,384,
476297,26021306,195808,ATACADOR CHATO 8MM M21020 100% PES C/ GRADE,115,P,168,
476297,26021306,195808,ATACADOR CHATO 8MM M21020 100% PES C/ GRADE,105,P,72,
476298,26021307,195808,ATACADOR CHATO 8MM M21020 100% PES C/ GRADE,110,P,366,
476298,26021307,195808,ATACADOR CHATO 8MM M21020 100% PES C/ GRADE,115,P,240,
476298,26021307,195808,ATACADOR CHATO 8MM M21020 100% PES C/ GRADE,105,P,84,
476298,26021308,195808,ATACADOR CHATO 8MM M21020 100% PES C/ GRADE,110,P,336,
476298,26021308,195808,ATACADOR CHATO 8MM M21020 100% PES C/ GRADE,115,P,204,
476298,26021308,195808,ATACADOR CHATO 8MM M21020 100% PES C/ GRADE,105,P,72,
476298,26021309,196055,ATACADOR CHATO 8MM M21020 100% PES C/ GRADE,115,P,258,
476298,26021309,196055,ATACADOR CHATO 8MM M21020 100% PES C/ GRADE,105,P,96,
476298,26021309,196055,ATACADOR CHATO 8MM M21020 100% PES C/ GRADE,110,P,336,
476298,26021310,196055,ATACADOR CHATO 8MM M21020 100% PES C/ GRADE,115,P,216,
476298,26021310,196055,ATACADOR CHATO 8MM M21020 100% PES C/ GRADE,105,P,72,
476298,26021310,196055,ATACADOR CHATO 8MM M21020 100% PES C/ GRADE,110,P,324,
476298,26021311,195807,ATACADOR CHATO 8MM M21020 100% PES C/ GRADE,110,P,348,
476298,26021311,195807,ATACADOR CHATO 8MM M21020 100% PES C/ GRADE,105,P,114,
476298,26021311,195807,ATACADOR CHATO 8MM M21020 100% PES C/ GRADE,115,P,210,
476298,26021312,195807,ATACADOR CHATO 8MM M21020 100% PES C/ GRADE,110,P,324,
476298,26021312,195807,ATACADOR CHATO 8MM M21020 100% PES C/ GRADE,105,P,108,
476298,26021312,195807,ATACADOR CHATO 8MM M21020 100% PES C/ GRADE,115,P,192,
476298,26021313,195807,ATACADOR CHATO 8MM M21020 100% PES C/ GRADE,110,P,330,
476298,26021313,195807,ATACADOR CHATO 8MM M21020 100% PES C/ GRADE,105,P,126,
476298,26021313,195807,ATACADOR CHATO 8MM M21020 100% PES C/ GRADE,115,P,192,
476298,26021313,195807,ATACADOR CHATO 8MM M21020 100% PES C/ GRADE,100,P,12,
476298,26021314,195807,ATACADOR CHATO 8MM M21020 100% PES C/ GRADE,110,P,324,
476298,26021314,195807,ATACADOR CHATO 8MM M21020 100% PES C/ GRADE,105,P,120,
476298,26021314,195807,ATACADOR CHATO 8MM M21020 100% PES C/ GRADE,115,P,180,
476298,26021314,195807,ATACADOR CHATO 8MM M21020 100% PES C/ GRADE,100,P,12,
476299,26021317,195807,ATACADOR CHATO 8MM M21020 100% PES C/ GRADE,120,P,108,
476299,26021317,195807,ATACADOR CHATO 8MM M21020 100% PES C/ GRADE,130,P,282,
476299,26021317,195807,ATACADOR CHATO 8MM M21020 100% PES C/ GRADE,125,P,306,
476299,26021318,195807,ATACADOR CHATO 8MM M21020 100% PES C/ GRADE,120,P,96,
476299,26021318,195807,ATACADOR CHATO 8MM M21020 100% PES C/ GRADE,130,P,252,
476299,26021318,195807,ATACADOR CHATO 8MM M21020 100% PES C/ GRADE,125,P,264,
476299,26021319,195807,ATACADOR CHATO 8MM M21020 100% PES C/ GRADE,120,P,48,
476299,26021319,195807,ATACADOR CHATO 8MM M21020 100% PES C/ GRADE,130,P,258,
476299,26021319,195807,ATACADOR CHATO 8MM M21020 100% PES C/ GRADE,125,P,354,
476299,26021320,195807,ATACADOR CHATO 8MM M21020 100% PES C/ GRADE,120,P,24,
476299,26021320,195807,ATACADOR CHATO 8MM M21020 100% PES C/ GRADE,130,P,252,
476299,26021320,195807,ATACADOR CHATO 8MM M21020 100% PES C/ GRADE,125,P,360,
476300,26021327,195808,ATACADOR CHATO 8MM M21020 100% PES C/ GRADE,105,P,48,
476300,26021327,195808,ATACADOR CHATO 8MM M21020 100% PES C/ GRADE,115,P,180,
476300,26021327,195808,ATACADOR CHATO 8MM M21020 100% PES C/ GRADE,110,P,450,
476300,26021328,195808,ATACADOR CHATO 8MM M21020 100% PES C/ GRADE,105,P,24,
476300,26021328,195808,ATACADOR CHATO 8MM M21020 100% PES C/ GRADE,115,P,144,
476300,26021328,195808,ATACADOR CHATO 8MM M21020 100% PES C/ GRADE,110,P,456,
476300,26021329,195807,ATACADOR CHATO 8MM M21020 100% PES C/ GRADE,110,P,420,
476300,26021329,195807,ATACADOR CHATO 8MM M21020 100% PES C/ GRADE,105,P,120,
476300,26021329,195807,ATACADOR CHATO 8MM M21020 100% PES C/ GRADE,115,P,150,
476300,26021330,195807,ATACADOR CHATO 8MM M21020 100% PES C/ GRADE,110,P,408,
476300,26021330,195807,ATACADOR CHATO 8MM M21020 100% PES C/ GRADE,105,P,84,
476300,26021330,195807,ATACADOR CHATO 8MM M21020 100% PES C/ GRADE,115,P,120,
477795,26240891,196338,ATACADOR CHATO 6MM M21020 100% PES C/ GRADE,100,P,9,
477795,26240891,196338,ATACADOR CHATO 6MM M21020 100% PES C/ GRADE,105,P,19,
477795,26240891,196338,ATACADOR CHATO 6MM M21020 100% PES C/ GRADE,115,P,1,
477795,26240891,196338,ATACADOR CHATO 6MM M21020 100% PES C/ GRADE,110,P,11,
477795,26240892,196338,ATACADOR CHATO 6MM M21020 100% PES C/ GRADE,100,P,144,
477795,26240892,196338,ATACADOR CHATO 6MM M21020 100% PES C/ GRADE,105,P,300,
477795,26240892,196338,ATACADOR CHATO 6MM M21020 100% PES C/ GRADE,115,P,18,
477795,26240892,196338,ATACADOR CHATO 6MM M21020 100% PES C/ GRADE,110,P,162,
477795,26240893,196338,ATACADOR CHATO 6MM M21020 100% PES C/ GRADE,100,P,144,
477795,26240893,196338,ATACADOR CHATO 6MM M21020 100% PES C/ GRADE,105,P,300,
477795,26240893,196338,ATACADOR CHATO 6MM M21020 100% PES C/ GRADE,115,P,18,
477795,26240893,196338,ATACADOR CHATO 6MM M21020 100% PES C/ GRADE,110,P,162,
477795,26240894,196338,ATACADOR CHATO 6MM M21020 100% PES C/ GRADE,100,P,144,
477795,26240894,196338,ATACADOR CHATO 6MM M21020 100% PES C/ GRADE,105,P,300,
477795,26240894,196338,ATACADOR CHATO 6MM M21020 100% PES C/ GRADE,115,P,18,
477795,26240894,196338,ATACADOR CHATO 6MM M21020 100% PES C/ GRADE,110,P,162,
477795,26240895,196338,ATACADOR CHATO 6MM M21020 100% PES C/ GRADE,100,P,144,
477795,26240895,196338,ATACADOR CHATO 6MM M21020 100% PES C/ GRADE,105,P,300,
477795,26240895,196338,ATACADOR CHATO 6MM M21020 100% PES C/ GRADE,115,P,12,
477795,26240895,196338,ATACADOR CHATO 6MM M21020 100% PES C/ GRADE,110,P,162,
477795,26240896,196338,ATACADOR CHATO 6MM M21020 100% PES C/ GRADE,100,P,144,
477795,26240896,196338,ATACADOR CHATO 6MM M21020 100% PES C/ GRADE,105,P,300,
477795,26240896,196338,ATACADOR CHATO 6MM M21020 100% PES C/ GRADE,115,P,12,
477795,26240896,196338,ATACADOR CHATO 6MM M21020 100% PES C/ GRADE,110,P,168,
477795,26240897,196338,ATACADOR CHATO 6MM M21020 100% PES C/ GRADE,100,P,144,
477795,26240897,196338,ATACADOR CHATO 6MM M21020 100% PES C/ GRADE,105,P,300,
477795,26240897,196338,ATACADOR CHATO 6MM M21020 100% PES C/ GRADE,115,P,12,
477795,26240897,196338,ATACADOR CHATO 6MM M21020 100% PES C/ GRADE,110,P,168,
478616,26021346,196055,ATACADOR CHATO 8MM M21020 100% PES C/ GRADE,115,P,216,
478616,26021346,196055,ATACADOR CHATO 8MM M21020 100% PES C/ GRADE,105,P,102,
478616,26021346,196055,ATACADOR CHATO 8MM M21020 100% PES C/ GRADE,100,P,12,
478616,26021346,196055,ATACADOR CHATO 8MM M21020 100% PES C/ GRADE,110,P,348,
478616,26021347,196055,ATACADOR CHATO 8MM M21020 100% PES C/ GRADE,115,P,204,
478616,26021347,196055,ATACADOR CHATO 8MM M21020 100% PES C/ GRADE,105,P,96,
478616,26021347,196055,ATACADOR CHATO 8MM M21020 100% PES C/ GRADE,110,P,324,
478616,26021348,195807,ATACADOR CHATO 8MM M21020 100% PES C/ GRADE,110,P,414,
478616,26021348,195807,ATACADOR CHATO 8MM M21020 100% PES C/ GRADE,115,P,204,
478616,26021348,195807,ATACADOR CHATO 8MM M21020 100% PES C/ GRADE,105,P,30,
478616,26021349,195808,ATACADOR CHATO 8MM M21020 100% PES C/ GRADE,110,P,402,
478616,26021349,195808,ATACADOR CHATO 8MM M21020 100% PES C/ GRADE,105,P,78,
478616,26021349,195808,ATACADOR CHATO 8MM M21020 100% PES C/ GRADE,115,P,282,
478616,26021349,195808,ATACADOR CHATO 8MM M21020 100% PES C/ GRADE,100,P,6,
478616,26021350,195808,ATACADOR CHATO 8MM M21020 100% PES C/ GRADE,110,P,336,
478616,26021350,195808,ATACADOR CHATO 8MM M21020 100% PES C/ GRADE,105,P,84,
478616,26021350,195808,ATACADOR CHATO 8MM M21020 100% PES C/ GRADE,115,P,192,
478616,26021351,195808,ATACADOR CHATO 8MM M21020 100% PES C/ GRADE,110,P,336,
478616,26021351,195808,ATACADOR CHATO 8MM M21020 100% PES C/ GRADE,105,P,84,
478616,26021351,195808,ATACADOR CHATO 8MM M21020 100% PES C/ GRADE,115,P,192,
478616,26021352,195808,ATACADOR CHATO 8MM M21020 100% PES C/ GRADE,110,P,336,
478616,26021352,195808,ATACADOR CHATO 8MM M21020 100% PES C/ GRADE,105,P,84,
478616,26021352,195808,ATACADOR CHATO 8MM M21020 100% PES C/ GRADE,115,P,192,
478616,26021353,195807,ATACADOR CHATO 8MM M21020 100% PES C/ GRADE,110,P,324,
478616,26021353,195807,ATACADOR CHATO 8MM M21020 100% PES C/ GRADE,115,P,246,
478616,26021353,195807,ATACADOR CHATO 8MM M21020 100% PES C/ GRADE,105,P,102,
478616,26021353,195807,ATACADOR CHATO 8MM M21020 100% PES C/ GRADE,100,P,12,
478616,26021354,195807,ATACADOR CHATO 8MM M21020 100% PES C/ GRADE,110,P,312,
478616,26021354,195807,ATACADOR CHATO 8MM M21020 100% PES C/ GRADE,115,P,228,
478616,26021354,195807,ATACADOR CHATO 8MM M21020 100% PES C/ GRADE,105,P,72,
478616,26021355,195807,ATACADOR CHATO 8MM M21020 100% PES C/ GRADE,110,P,354,
478616,26021355,195807,ATACADOR CHATO 8MM M21020 100% PES C/ GRADE,115,P,264,
478616,26021355,195807,ATACADOR CHATO 8MM M21020 100% PES C/ GRADE,105,P,162,
478616,26021356,195807,ATACADOR CHATO 8MM M21020 100% PES C/ GRADE,110,P,348,
478616,26021356,195807,ATACADOR CHATO 8MM M21020 100% PES C/ GRADE,115,P,228,
478616,26021356,195807,ATACADOR CHATO 8MM M21020 100% PES C/ GRADE,105,P,48,
478616,26021357,195807,ATACADOR CHATO 8MM M21020 100% PES C/ GRADE,110,P,348,
478616,26021357,195807,ATACADOR CHATO 8MM M21020 100% PES C/ GRADE,115,P,228,
478616,26021357,195807,ATACADOR CHATO 8MM M21020 100% PES C/ GRADE,105,P,48,
478616,26021358,195807,ATACADOR CHATO 8MM M21020 100% PES C/ GRADE,110,P,348,
478616,26021358,195807,ATACADOR CHATO 8MM M21020 100% PES C/ GRADE,115,P,228,
478616,26021358,195807,ATACADOR CHATO 8MM M21020 100% PES C/ GRADE,105,P,48,
478616,26021359,195807,ATACADOR CHATO 8MM M21020 100% PES C/ GRADE,110,P,348,
478616,26021359,195807,ATACADOR CHATO 8MM M21020 100% PES C/ GRADE,115,P,228,
478616,26021359,195807,ATACADOR CHATO 8MM M21020 100% PES C/ GRADE,105,P,48,
478616,26021360,195807,ATACADOR CHATO 8MM M21020 100% PES C/ GRADE,110,P,348,
478616,26021360,195807,ATACADOR CHATO 8MM M21020 100% PES C/ GRADE,115,P,228,
478616,26021360,195807,ATACADOR CHATO 8MM M21020 100% PES C/ GRADE,105,P,48,
478617,26021363,196055,ATACADOR CHATO 8MM M21020 100% PES C/ GRADE,115,P,210,
478617,26021363,196055,ATACADOR CHATO 8MM M21020 100% PES C/ GRADE,110,P,378,
478617,26021363,196055,ATACADOR CHATO 8MM M21020 100% PES C/ GRADE,105,P,102,
478617,26021363,196055,ATACADOR CHATO 8MM M21020 100% PES C/ GRADE,100,P,18,
478617,26021364,196055,ATACADOR CHATO 8MM M21020 100% PES C/ GRADE,115,P,168,
478617,26021364,196055,ATACADOR CHATO 8MM M21020 100% PES C/ GRADE,110,P,372,
478617,26021364,196055,ATACADOR CHATO 8MM M21020 100% PES C/ GRADE,105,P,60,
478617,26021365,195807,ATACADOR CHATO 8MM M21020 100% PES C/ GRADE,100,P,30,
478617,26021365,195807,ATACADOR CHATO 8MM M21020 100% PES C/ GRADE,115,P,222,
478617,26021365,195807,ATACADOR CHATO 8MM M21020 100% PES C/ GRADE,110,P,366,
478617,26021365,195807,ATACADOR CHATO 8MM M21020 100% PES C/ GRADE,105,P,132,
478617,26021366,195807,ATACADOR CHATO 8MM M21020 100% PES C/ GRADE,115,P,180,
478617,26021366,195807,ATACADOR CHATO 8MM M21020 100% PES C/ GRADE,110,P,360,
478617,26021366,195807,ATACADOR CHATO 8MM M21020 100% PES C/ GRADE,105,P,72,
478617,26021367,195807,ATACADOR CHATO 8MM M21020 100% PES C/ GRADE,115,P,180,
478617,26021367,195807,ATACADOR CHATO 8MM M21020 100% PES C/ GRADE,110,P,360,
478617,26021367,195807,ATACADOR CHATO 8MM M21020 100% PES C/ GRADE,105,P,72,
478617,26021368,195807,ATACADOR CHATO 8MM M21020 100% PES C/ GRADE,115,P,180,
478617,26021368,195807,ATACADOR CHATO 8MM M21020 100% PES C/ GRADE,110,P,360,
478617,26021368,195807,ATACADOR CHATO 8MM M21020 100% PES C/ GRADE,105,P,72,
478617,26021369,195807,ATACADOR CHATO 8MM M21020 100% PES C/ GRADE,115,P,216,
478617,26021369,195807,ATACADOR CHATO 8MM M21020 100% PES C/ GRADE,110,P,414,
478617,26021369,195807,ATACADOR CHATO 8MM M21020 100% PES C/ GRADE,105,P,36,
478617,26021370,195807,ATACADOR CHATO 8MM M21020 100% PES C/ GRADE,115,P,216,
478617,26021370,195807,ATACADOR CHATO 8MM M21020 100% PES C/ GRADE,110,P,384,
478617,26021370,195807,ATACADOR CHATO 8MM M21020 100% PES C/ GRADE,105,P,36,
478618,26021382,195808,ATACADOR CHATO 8MM M21020 100% PES C/ GRADE,105,P,84,
478618,26021382,195808,ATACADOR CHATO 8MM M21020 100% PES C/ GRADE,115,P,222,
478618,26021382,195808,ATACADOR CHATO 8MM M21020 100% PES C/ GRADE,110,P,372,
478618,26021383,195808,ATACADOR CHATO 8MM M21020 100% PES C/ GRADE,105,P,48,
478618,26021383,195808,ATACADOR CHATO 8MM M21020 100% PES C/ GRADE,115,P,204,
478618,26021383,195808,ATACADOR CHATO 8MM M21020 100% PES C/ GRADE,110,P,372,
478618,26021384,195807,ATACADOR CHATO 8MM M21020 100% PES C/ GRADE,110,P,342,
478618,26021384,195807,ATACADOR CHATO 8MM M21020 100% PES C/ GRADE,100,P,6,
478618,26021384,195807,ATACADOR CHATO 8MM M21020 100% PES C/ GRADE,115,P,258,
478618,26021384,195807,ATACADOR CHATO 8MM M21020 100% PES C/ GRADE,105,P,66,
478618,26021385,195807,ATACADOR CHATO 8MM M21020 100% PES C/ GRADE,110,P,348,
478618,26021385,195807,ATACADOR CHATO 8MM M21020 100% PES C/ GRADE,115,P,228,
478618,26021385,195807,ATACADOR CHATO 8MM M21020 100% PES C/ GRADE,105,P,60,
478618,26021386,195807,ATACADOR CHATO 8MM M21020 100% PES C/ GRADE,110,P,360,
478618,26021386,195807,ATACADOR CHATO 8MM M21020 100% PES C/ GRADE,115,P,216,
478618,26021386,195807,ATACADOR CHATO 8MM M21020 100% PES C/ GRADE,105,P,96,
478618,26021387,195807,ATACADOR CHATO 8MM M21020 100% PES C/ GRADE,110,P,348,
478618,26021387,195807,ATACADOR CHATO 8MM M21020 100% PES C/ GRADE,115,P,192,
478618,26021387,195807,ATACADOR CHATO 8MM M21020 100% PES C/ GRADE,105,P,84,
480040,26240923,196338,ATACADOR CHATO 6MM M21020 100% PES C/ GRADE,115,P,2,
480040,26240923,196338,ATACADOR CHATO 6MM M21020 100% PES C/ GRADE,100,P,6,
480040,26240923,196338,ATACADOR CHATO 6MM M21020 100% PES C/ GRADE,105,P,10,
480040,26240923,196338,ATACADOR CHATO 6MM M21020 100% PES C/ GRADE,110,P,7,
480040,26240924,196338,ATACADOR CHATO 6MM M21020 100% PES C/ GRADE,115,P,24,
480040,26240924,196338,ATACADOR CHATO 6MM M21020 100% PES C/ GRADE,100,P,132,
480040,26240924,196338,ATACADOR CHATO 6MM M21020 100% PES C/ GRADE,105,P,246,
480040,26240924,196338,ATACADOR CHATO 6MM M21020 100% PES C/ GRADE,110,P,156,
480040,26240925,196338,ATACADOR CHATO 6MM M21020 100% PES C/ GRADE,115,P,24,
480040,26240925,196338,ATACADOR CHATO 6MM M21020 100% PES C/ GRADE,100,P,132,
480040,26240925,196338,ATACADOR CHATO 6MM M21020 100% PES C/ GRADE,105,P,246,
480040,26240925,196338,ATACADOR CHATO 6MM M21020 100% PES C/ GRADE,110,P,156,
480040,26240926,196338,ATACADOR CHATO 6MM M21020 100% PES C/ GRADE,115,P,24,
480040,26240926,196338,ATACADOR CHATO 6MM M21020 100% PES C/ GRADE,100,P,126,
480040,26240926,196338,ATACADOR CHATO 6MM M21020 100% PES C/ GRADE,105,P,246,
480040,26240926,196338,ATACADOR CHATO 6MM M21020 100% PES C/ GRADE,110,P,156,
480040,26240927,196338,ATACADOR CHATO 6MM M21020 100% PES C/ GRADE,115,P,30,
480040,26240927,196338,ATACADOR CHATO 6MM M21020 100% PES C/ GRADE,100,P,126,
480040,26240927,196338,ATACADOR CHATO 6MM M21020 100% PES C/ GRADE,105,P,246,
480040,26240927,196338,ATACADOR CHATO 6MM M21020 100% PES C/ GRADE,110,P,162,
480964,26021400,195808,ATACADOR CHATO 8MM M21020 100% PES C/ GRADE,115,P,198,
480964,26021400,195808,ATACADOR CHATO 8MM M21020 100% PES C/ GRADE,110,P,330,
480964,26021400,195808,ATACADOR CHATO 8MM M21020 100% PES C/ GRADE,100,P,84,
480964,26021400,195808,ATACADOR CHATO 8MM M21020 100% PES C/ GRADE,105,P,204,
480964,26021401,195808,ATACADOR CHATO 8MM M21020 100% PES C/ GRADE,115,P,144,
480964,26021401,195808,ATACADOR CHATO 8MM M21020 100% PES C/ GRADE,110,P,240,
480964,26021401,195808,ATACADOR CHATO 8MM M21020 100% PES C/ GRADE,100,P,36,
480964,26021401,195808,ATACADOR CHATO 8MM M21020 100% PES C/ GRADE,105,P,180,
480964,26021402,195808,ATACADOR CHATO 8MM M21020 100% PES C/ GRADE,115,P,144,
480964,26021402,195808,ATACADOR CHATO 8MM M21020 100% PES C/ GRADE,110,P,240,
480964,26021402,195808,ATACADOR CHATO 8MM M21020 100% PES C/ GRADE,100,P,36,
480964,26021402,195808,ATACADOR CHATO 8MM M21020 100% PES C/ GRADE,105,P,180,
480964,26021403,195808,ATACADOR CHATO 8MM M21020 100% PES C/ GRADE,115,P,144,
480964,26021403,195808,ATACADOR CHATO 8MM M21020 100% PES C/ GRADE,110,P,240,
480964,26021403,195808,ATACADOR CHATO 8MM M21020 100% PES C/ GRADE,100,P,36,
480964,26021403,195808,ATACADOR CHATO 8MM M21020 100% PES C/ GRADE,105,P,180,
480964,26021404,195807,ATACADOR CHATO 8MM M21020 100% PES C/ GRADE,110,P,384,
480964,26021404,195807,ATACADOR CHATO 8MM M21020 100% PES C/ GRADE,115,P,342,
480964,26021404,195807,ATACADOR CHATO 8MM M21020 100% PES C/ GRADE,100,P,36,
480964,26021405,195807,ATACADOR CHATO 8MM M21020 100% PES C/ GRADE,110,P,312,
480964,26021405,195807,ATACADOR CHATO 8MM M21020 100% PES C/ GRADE,115,P,300,
480964,26021406,195807,ATACADOR CHATO 8MM M21020 100% PES C/ GRADE,110,P,312,
480964,26021406,195807,ATACADOR CHATO 8MM M21020 100% PES C/ GRADE,115,P,300,
480964,26021407,195807,ATACADOR CHATO 8MM M21020 100% PES C/ GRADE,110,P,312,
480964,26021407,195807,ATACADOR CHATO 8MM M21020 100% PES C/ GRADE,115,P,300,
480964,26021408,195807,ATACADOR CHATO 8MM M21020 100% PES C/ GRADE,110,P,402,
480964,26021408,195807,ATACADOR CHATO 8MM M21020 100% PES C/ GRADE,115,P,222,
480964,26021408,195807,ATACADOR CHATO 8MM M21020 100% PES C/ GRADE,100,P,54,
480964,26021408,195807,ATACADOR CHATO 8MM M21020 100% PES C/ GRADE,105,P,168,
480964,26021409,195807,ATACADOR CHATO 8MM M21020 100% PES C/ GRADE,110,P,360,
480964,26021409,195807,ATACADOR CHATO 8MM M21020 100% PES C/ GRADE,115,P,156,
480964,26021409,195807,ATACADOR CHATO 8MM M21020 100% PES C/ GRADE,105,P,96,
480964,26021410,195807,ATACADOR CHATO 8MM M21020 100% PES C/ GRADE,110,P,360,
480964,26021410,195807,ATACADOR CHATO 8MM M21020 100% PES C/ GRADE,115,P,156,
480964,26021410,195807,ATACADOR CHATO 8MM M21020 100% PES C/ GRADE,105,P,96,
480964,26021411,195807,ATACADOR CHATO 8MM M21020 100% PES C/ GRADE,110,P,360,
480964,26021411,195807,ATACADOR CHATO 8MM M21020 100% PES C/ GRADE,115,P,156,
480964,26021411,195807,ATACADOR CHATO 8MM M21020 100% PES C/ GRADE,105,P,96,
480964,26021412,195807,ATACADOR CHATO 8MM M21020 100% PES C/ GRADE,110,P,360,
480964,26021412,195807,ATACADOR CHATO 8MM M21020 100% PES C/ GRADE,115,P,156,
480964,26021412,195807,ATACADOR CHATO 8MM M21020 100% PES C/ GRADE,105,P,96,
480964,26021413,195807,ATACADOR CHATO 8MM M21020 100% PES C/ GRADE,110,P,360,
480964,26021413,195807,ATACADOR CHATO 8MM M21020 100% PES C/ GRADE,115,P,156,
480964,26021413,195807,ATACADOR CHATO 8MM M21020 100% PES C/ GRADE,105,P,96,
480965,26021420,195808,ATACADOR CHATO 8MM M21020 100% PES C/ GRADE,120,P,90,
480965,26021420,195808,ATACADOR CHATO 8MM M21020 100% PES C/ GRADE,130,P,192,
480965,26021420,195808,ATACADOR CHATO 8MM M21020 100% PES C/ GRADE,125,P,402,
480965,26021421,195808,ATACADOR CHATO 8MM M21020 100% PES C/ GRADE,120,P,72,
480965,26021421,195808,ATACADOR CHATO 8MM M21020 100% PES C/ GRADE,130,P,180,
480965,26021421,195808,ATACADOR CHATO 8MM M21020 100% PES C/ GRADE,125,P,372,
480965,26021422,195807,ATACADOR CHATO 8MM M21020 100% PES C/ GRADE,125,P,384,
480965,26021422,195807,ATACADOR CHATO 8MM M21020 100% PES C/ GRADE,120,P,108,
480965,26021422,195807,ATACADOR CHATO 8MM M21020 100% PES C/ GRADE,130,P,186,
480965,26021423,195807,ATACADOR CHATO 8MM M21020 100% PES C/ GRADE,125,P,348,
480965,26021423,195807,ATACADOR CHATO 8MM M21020 100% PES C/ GRADE,120,P,96,
480965,26021423,195807,ATACADOR CHATO 8MM M21020 100% PES C/ GRADE,130,P,180,
480965,26021424,195807,ATACADOR CHATO 8MM M21020 100% PES C/ GRADE,125,P,330,
480965,26021424,195807,ATACADOR CHATO 8MM M21020 100% PES C/ GRADE,120,P,108,
480965,26021424,195807,ATACADOR CHATO 8MM M21020 100% PES C/ GRADE,130,P,234,
480965,26021425,195807,ATACADOR CHATO 8MM M21020 100% PES C/ GRADE,125,P,312,
480965,26021425,195807,ATACADOR CHATO 8MM M21020 100% PES C/ GRADE,120,P,96,
480965,26021425,195807,ATACADOR CHATO 8MM M21020 100% PES C/ GRADE,130,P,216,
480966,26021426,195808,ATACADOR CHATO 8MM M21020 100% PES C/ GRADE,110,P,348,
480966,26021426,195808,ATACADOR CHATO 8MM M21020 100% PES C/ GRADE,115,P,210,
480966,26021426,195808,ATACADOR CHATO 8MM M21020 100% PES C/ GRADE,100,P,24,
480966,26021426,195808,ATACADOR CHATO 8MM M21020 100% PES C/ GRADE,105,P,138,
480966,26021427,195808,ATACADOR CHATO 8MM M21020 100% PES C/ GRADE,110,P,312,
480966,26021427,195808,ATACADOR CHATO 8MM M21020 100% PES C/ GRADE,115,P,168,
480966,26021427,195808,ATACADOR CHATO 8MM M21020 100% PES C/ GRADE,100,P,12,
480966,26021427,195808,ATACADOR CHATO 8MM M21020 100% PES C/ GRADE,105,P,96,
480966,26021428,195807,ATACADOR CHATO 8MM M21020 100% PES C/ GRADE,105,P,120,
480966,26021428,195807,ATACADOR CHATO 8MM M21020 100% PES C/ GRADE,115,P,222,
480966,26021428,195807,ATACADOR CHATO 8MM M21020 100% PES C/ GRADE,100,P,30,
480966,26021428,195807,ATACADOR CHATO 8MM M21020 100% PES C/ GRADE,110,P,354,
480966,26021429,195807,ATACADOR CHATO 8MM M21020 100% PES C/ GRADE,105,P,84,
480966,26021429,195807,ATACADOR CHATO 8MM M21020 100% PES C/ GRADE,115,P,192,
480966,26021429,195807,ATACADOR CHATO 8MM M21020 100% PES C/ GRADE,110,P,312,
480966,26021430,195807,ATACADOR CHATO 8MM M21020 100% PES C/ GRADE,105,P,138,
480966,26021430,195807,ATACADOR CHATO 8MM M21020 100% PES C/ GRADE,115,P,300,
480966,26021430,195807,ATACADOR CHATO 8MM M21020 100% PES C/ GRADE,100,P,12,
480966,26021430,195807,ATACADOR CHATO 8MM M21020 100% PES C/ GRADE,110,P,234,
480966,26021431,195807,ATACADOR CHATO 8MM M21020 100% PES C/ GRADE,105,P,120,
480966,26021431,195807,ATACADOR CHATO 8MM M21020 100% PES C/ GRADE,115,P,264,
480966,26021431,195807,ATACADOR CHATO 8MM M21020 100% PES C/ GRADE,110,P,228,
480967,26021438,195807,ATACADOR CHATO 8MM M21020 100% PES C/ GRADE,120,P,390,
480967,26021438,195807,ATACADOR CHATO 8MM M21020 100% PES C/ GRADE,115,P,162,
480967,26021438,195807,ATACADOR CHATO 8MM M21020 100% PES C/ GRADE,125,P,180,
480967,26021439,195807,ATACADOR CHATO 8MM M21020 100% PES C/ GRADE,120,P,336,
480967,26021439,195807,ATACADOR CHATO 8MM M21020 100% PES C/ GRADE,115,P,120,
480967,26021439,195807,ATACADOR CHATO 8MM M21020 100% PES C/ GRADE,125,P,156,
480967,26021440,195807,ATACADOR CHATO 8MM M21020 100% PES C/ GRADE,120,P,336,
480967,26021440,195807,ATACADOR CHATO 8MM M21020 100% PES C/ GRADE,115,P,120,
480967,26021440,195807,ATACADOR CHATO 8MM M21020 100% PES C/ GRADE,125,P,156,
481273,26240971,110552,ATACADOR CHATO 6MM M21020 PES 100CM PRETO,100,P,5,100
481273,26240971,110553,ATACADOR CHATO 6MM M21020 PES 105CM PRETO,105,P,12,105
481273,26240971,111456,ATACADOR CHATO 6MM M21020 PES 110CM PRETO,110,P,7,110
481273,26240971,111457,ATACADOR CHATO 6MM M21020 PES 115CM PRETO,115,P,1,115
481273,26240972,110552,ATACADOR CHATO 6MM M21020 PES 100CM PRETO,100,P,132,100
481273,26240972,110553,ATACADOR CHATO 6MM M21020 PES 105CM PRETO,105,P,282,105
481273,26240972,111456,ATACADOR CHATO 6MM M21020 PES 110CM PRETO,110,P,168,110
481273,26240972,111457,ATACADOR CHATO 6MM M21020 PES 115CM PRETO,115,P,18,115
481273,26240973,110552,ATACADOR CHATO 6MM M21020 PES 100CM PRETO,100,P,132,100
481273,26240973,110553,ATACADOR CHATO 6MM M21020 PES 105CM PRETO,105,P,282,105
481273,26240973,111456,ATACADOR CHATO 6MM M21020 PES 110CM PRETO,110,P,168,110
481273,26240973,111457,ATACADOR CHATO 6MM M21020 PES 115CM PRETO,115,P,18,115
481273,26240974,110552,ATACADOR CHATO 6MM M21020 PES 100CM PRETO,100,P,126,100
481273,26240974,110553,ATACADOR CHATO 6MM M21020 PES 105CM PRETO,105,P,282,105
481273,26240974,111456,ATACADOR CHATO 6MM M21020 PES 110CM PRETO,110,P,168,110
481273,26240974,111457,ATACADOR CHATO 6MM M21020 PES 115CM PRETO,115,P,12,115
481273,26240975,110552,ATACADOR CHATO 6MM M21020 PES 100CM PRETO,100,P,132,100
481273,26240975,110553,ATACADOR CHATO 6MM M21020 PES 105CM PRETO,105,P,282,105
481273,26240975,111456,ATACADOR CHATO 6MM M21020 PES 110CM PRETO,110,P,168,110
481273,26240975,111457,ATACADOR CHATO 6MM M21020 PES 115CM PRETO,115,P,12,115
482500,26021441,195808,ATACADOR CHATO 8MM M21020 100% PES C/ GRADE,115,P,156,
482500,26021441,195808,ATACADOR CHATO 8MM M21020 100% PES C/ GRADE,100,P,60,
482500,26021441,195808,ATACADOR CHATO 8MM M21020 100% PES C/ GRADE,105,P,132,
482500,26021441,195808,ATACADOR CHATO 8MM M21020 100% PES C/ GRADE,110,P,390,
482500,26021442,195808,ATACADOR CHATO 8MM M21020 100% PES C/ GRADE,115,P,132,
482500,26021442,195808,ATACADOR CHATO 8MM M21020 100% PES C/ GRADE,100,P,24,
482500,26021442,195808,ATACADOR CHATO 8MM M21020 100% PES C/ GRADE,105,P,108,
482500,26021442,195808,ATACADOR CHATO 8MM M21020 100% PES C/ GRADE,110,P,360,
482500,26021443,195808,ATACADOR CHATO 8MM M21020 100% PES C/ GRADE,115,P,132,
482500,26021443,195808,ATACADOR CHATO 8MM M21020 100% PES C/ GRADE,100,P,24,
482500,26021443,195808,ATACADOR CHATO 8MM M21020 100% PES C/ GRADE,105,P,108,
482500,26021443,195808,ATACADOR CHATO 8MM M21020 100% PES C/ GRADE,110,P,360,
482500,26021444,195808,ATACADOR CHATO 8MM M21020 100% PES C/ GRADE,115,P,132,
482500,26021444,195808,ATACADOR CHATO 8MM M21020 100% PES C/ GRADE,100,P,24,
482500,26021444,195808,ATACADOR CHATO 8MM M21020 100% PES C/ GRADE,105,P,108,
482500,26021444,195808,ATACADOR CHATO 8MM M21020 100% PES C/ GRADE,110,P,360,
482500,26021445,195807,ATACADOR CHATO 8MM M21020 100% PES C/ GRADE,105,P,114,
482500,26021445,195807,ATACADOR CHATO 8MM M21020 100% PES C/ GRADE,115,P,282,
482500,26021445,195807,ATACADOR CHATO 8MM M21020 100% PES C/ GRADE,110,P,372,
482500,26021445,195807,ATACADOR CHATO 8MM M21020 100% PES C/ GRADE,100,P,30,
482500,26021446,195807,ATACADOR CHATO 8MM M21020 100% PES C/ GRADE,105,P,36,
482500,26021446,195807,ATACADOR CHATO 8MM M21020 100% PES C/ GRADE,115,P,228,
482500,26021446,195807,ATACADOR CHATO 8MM M21020 100% PES C/ GRADE,110,P,336,
482500,26021447,195807,ATACADOR CHATO 8MM M21020 100% PES C/ GRADE,105,P,36,
482500,26021447,195807,ATACADOR CHATO 8MM M21020 100% PES C/ GRADE,115,P,228,
482500,26021447,195807,ATACADOR CHATO 8MM M21020 100% PES C/ GRADE,110,P,336,
482500,26021448,195807,ATACADOR CHATO 8MM M21020 100% PES C/ GRADE,105,P,36,
482500,26021448,195807,ATACADOR CHATO 8MM M21020 100% PES C/ GRADE,115,P,228,
482500,26021448,195807,ATACADOR CHATO 8MM M21020 100% PES C/ GRADE,110,P,336,
482500,26021449,195807,ATACADOR CHATO 8MM M21020 100% PES C/ GRADE,105,P,78,
482500,26021449,195807,ATACADOR CHATO 8MM M21020 100% PES C/ GRADE,115,P,294,
482500,26021449,195807,ATACADOR CHATO 8MM M21020 100% PES C/ GRADE,110,P,306,
482500,26021449,195807,ATACADOR CHATO 8MM M21020 100% PES C/ GRADE,100,P,30,
482500,26021450,195807,ATACADOR CHATO 8MM M21020 100% PES C/ GRADE,105,P,48,
482500,26021450,195807,ATACADOR CHATO 8MM M21020 100% PES C/ GRADE,115,P,252,
482500,26021450,195807,ATACADOR CHATO 8MM M21020 100% PES C/ GRADE,110,P,288,
482500,26021450,195807,ATACADOR CHATO 8MM M21020 100% PES C/ GRADE,100,P,12,
482500,26021451,195807,ATACADOR CHATO 8MM M21020 100% PES C/ GRADE,105,P,126,
482500,26021451,195807,ATACADOR CHATO 8MM M21020 100% PES C/ GRADE,115,P,258,
482500,26021451,195807,ATACADOR CHATO 8MM M21020 100% PES C/ GRADE,110,P,444,
482500,26021451,195807,ATACADOR CHATO 8MM M21020 100% PES C/ GRADE,100,P,6,
482500,26021452,195807,ATACADOR CHATO 8MM M21020 100% PES C/ GRADE,105,P,48,
482500,26021452,195807,ATACADOR CHATO 8MM M21020 100% PES C/ GRADE,115,P,180,
482500,26021452,195807,ATACADOR CHATO 8MM M21020 100% PES C/ GRADE,110,P,384,
482500,26021453,195807,ATACADOR CHATO 8MM M21020 100% PES C/ GRADE,105,P,48,
482500,26021453,195807,ATACADOR CHATO 8MM M21020 100% PES C/ GRADE,115,P,180,
482500,26021453,195807,ATACADOR CHATO 8MM M21020 100% PES C/ GRADE,110,P,384,
482500,26021454,195807,ATACADOR CHATO 8MM M21020 100% PES C/ GRADE,105,P,48,
482500,26021454,195807,ATACADOR CHATO 8MM M21020 100% PES C/ GRADE,115,P,180,
482500,26021454,195807,ATACADOR CHATO 8MM M21020 100% PES C/ GRADE,110,P,384,
482500,26021455,195807,ATACADOR CHATO 8MM M21020 100% PES C/ GRADE,105,P,48,
482500,26021455,195807,ATACADOR CHATO 8MM M21020 100% PES C/ GRADE,115,P,180,
482500,26021455,195807,ATACADOR CHATO 8MM M21020 100% PES C/ GRADE,110,P,384,
482500,26021456,195807,ATACADOR CHATO 8MM M21020 100% PES C/ GRADE,105,P,48,
482500,26021456,195807,ATACADOR CHATO 8MM M21020 100% PES C/ GRADE,115,P,180,
482500,26021456,195807,ATACADOR CHATO 8MM M21020 100% PES C/ GRADE,110,P,384,
482501,26021457,196055,ATACADOR CHATO 8MM M21020 100% PES C/ GRADE,115,P,240,
482501,26021457,196055,ATACADOR CHATO 8MM M21020 100% PES C/ GRADE,110,P,420,
482501,26021458,196055,ATACADOR CHATO 8MM M21020 100% PES C/ GRADE,115,P,228,
482501,26021458,196055,ATACADOR CHATO 8MM M21020 100% PES C/ GRADE,110,P,420,
482501,26021459,196055,ATACADOR CHATO 8MM M21020 100% PES C/ GRADE,115,P,228,
482501,26021459,196055,ATACADOR CHATO 8MM M21020 100% PES C/ GRADE,110,P,420,
482501,26021460,196055,ATACADOR CHATO 8MM M21020 100% PES C/ GRADE,115,P,228,
482501,26021460,196055,ATACADOR CHATO 8MM M21020 100% PES C/ GRADE,110,P,420,
482501,26021461,195807,ATACADOR CHATO 8MM M21020 100% PES C/ GRADE,115,P,138,
482501,26021461,195807,ATACADOR CHATO 8MM M21020 100% PES C/ GRADE,110,P,498,
482501,26021461,195807,ATACADOR CHATO 8MM M21020 100% PES C/ GRADE,105,P,66,
482501,26021462,195807,ATACADOR CHATO 8MM M21020 100% PES C/ GRADE,115,P,120,
482501,26021462,195807,ATACADOR CHATO 8MM M21020 100% PES C/ GRADE,110,P,468,
482501,26021462,195807,ATACADOR CHATO 8MM M21020 100% PES C/ GRADE,105,P,48,
482501,26021463,195807,ATACADOR CHATO 8MM M21020 100% PES C/ GRADE,115,P,120,
482501,26021463,195807,ATACADOR CHATO 8MM M21020 100% PES C/ GRADE,110,P,468,
482501,26021463,195807,ATACADOR CHATO 8MM M21020 100% PES C/ GRADE,105,P,48,
482501,26021464,195807,ATACADOR CHATO 8MM M21020 100% PES C/ GRADE,115,P,120,
482501,26021464,195807,ATACADOR CHATO 8MM M21020 100% PES C/ GRADE,110,P,468,
482501,26021464,195807,ATACADOR CHATO 8MM M21020 100% PES C/ GRADE,105,P,48,
482501,26021465,195807,ATACADOR CHATO 8MM M21020 100% PES C/ GRADE,115,P,120,
482501,26021465,195807,ATACADOR CHATO 8MM M21020 100% PES C/ GRADE,110,P,468,
482501,26021465,195807,ATACADOR CHATO 8MM M21020 100% PES C/ GRADE,105,P,48,
482501,26021466,195807,ATACADOR CHATO 8MM M21020 100% PES C/ GRADE,115,P,234,
482501,26021466,195807,ATACADOR CHATO 8MM M21020 100% PES C/ GRADE,110,P,378,
482501,26021466,195807,ATACADOR CHATO 8MM M21020 100% PES C/ GRADE,105,P,168,
482501,26021466,195807,ATACADOR CHATO 8MM M21020 100% PES C/ GRADE,100,P,78,
482501,26021467,195807,ATACADOR CHATO 8MM M21020 100% PES C/ GRADE,115,P,204,
482501,26021467,195807,ATACADOR CHATO 8MM M21020 100% PES C/ GRADE,110,P,312,
482501,26021467,195807,ATACADOR CHATO 8MM M21020 100% PES C/ GRADE,105,P,84,
482501,26021468,195807,ATACADOR CHATO 8MM M21020 100% PES C/ GRADE,115,P,204,
482501,26021468,195807,ATACADOR CHATO 8MM M21020 100% PES C/ GRADE,110,P,312,
482501,26021468,195807,ATACADOR CHATO 8MM M21020 100% PES C/ GRADE,105,P,84,
482501,26021469,195807,ATACADOR CHATO 8MM M21020 100% PES C/ GRADE,115,P,204,
482501,26021469,195807,ATACADOR CHATO 8MM M21020 100% PES C/ GRADE,110,P,312,
482501,26021469,195807,ATACADOR CHATO 8MM M21020 100% PES C/ GRADE,105,P,84,
482501,26021470,195807,ATACADOR CHATO 8MM M21020 100% PES C/ GRADE,115,P,204,
482501,26021470,195807,ATACADOR CHATO 8MM M21020 100% PES C/ GRADE,110,P,312,
482501,26021470,195807,ATACADOR CHATO 8MM M21020 100% PES C/ GRADE,105,P,84,
482501,26021471,195807,ATACADOR CHATO 8MM M21020 100% PES C/ GRADE,115,P,294,
482501,26021471,195807,ATACADOR CHATO 8MM M21020 100% PES C/ GRADE,110,P,342,
482501,26021471,195807,ATACADOR CHATO 8MM M21020 100% PES C/ GRADE,105,P,54,
482501,26021472,195807,ATACADOR CHATO 8MM M21020 100% PES C/ GRADE,115,P,276,
482501,26021472,195807,ATACADOR CHATO 8MM M21020 100% PES C/ GRADE,110,P,312,
482501,26021472,195807,ATACADOR CHATO 8MM M21020 100% PES C/ GRADE,105,P,24,
482502,26021473,195808,ATACADOR CHATO 8MM M21020 100% PES C/ GRADE,115,P,156,
482502,26021473,195808,ATACADOR CHATO 8MM M21020 100% PES C/ GRADE,105,P,48,
482502,26021473,195808,ATACADOR CHATO 8MM M21020 100% PES C/ GRADE,110,P,480,
482502,26021473,195808,ATACADOR CHATO 8MM M21020 100% PES C/ GRADE,100,P,6,
482502,26021474,195808,ATACADOR CHATO 8MM M21020 100% PES C/ GRADE,115,P,120,
482502,26021474,195808,ATACADOR CHATO 8MM M21020 100% PES C/ GRADE,105,P,36,
482502,26021474,195808,ATACADOR CHATO 8MM M21020 100% PES C/ GRADE,110,P,456,
482502,26021475,195807,ATACADOR CHATO 8MM M21020 100% PES C/ GRADE,115,P,192,
482502,26021475,195807,ATACADOR CHATO 8MM M21020 100% PES C/ GRADE,105,P,198,
482502,26021475,195807,ATACADOR CHATO 8MM M21020 100% PES C/ GRADE,110,P,270,
482502,26021476,195807,ATACADOR CHATO 8MM M21020 100% PES C/ GRADE,115,P,240,
482502,26021476,195807,ATACADOR CHATO 8MM M21020 100% PES C/ GRADE,105,P,180,
482502,26021476,195807,ATACADOR CHATO 8MM M21020 100% PES C/ GRADE,110,P,396,
482502,26021476,195807,ATACADOR CHATO 8MM M21020 100% PES C/ GRADE,100,P,36,
482502,26021477,195807,ATACADOR CHATO 8MM M21020 100% PES C/ GRADE,115,P,180,
482502,26021477,195807,ATACADOR CHATO 8MM M21020 100% PES C/ GRADE,105,P,72,
482502,26021477,195807,ATACADOR CHATO 8MM M21020 100% PES C/ GRADE,110,P,348,
482502,26021478,195807,ATACADOR CHATO 8MM M21020 100% PES C/ GRADE,115,P,180,
482502,26021478,195807,ATACADOR CHATO 8MM M21020 100% PES C/ GRADE,105,P,72,
482502,26021478,195807,ATACADOR CHATO 8MM M21020 100% PES C/ GRADE,110,P,348,
482502,26021479,195807,ATACADOR CHATO 8MM M21020 100% PES C/ GRADE,115,P,180,
482502,26021479,195807,ATACADOR CHATO 8MM M21020 100% PES C/ GRADE,105,P,72,
482502,26021479,195807,ATACADOR CHATO 8MM M21020 100% PES C/ GRADE,110,P,348,
482502,26021480,195807,ATACADOR CHATO 8MM M21020 100% PES C/ GRADE,115,P,180,
482502,26021480,195807,ATACADOR CHATO 8MM M21020 100% PES C/ GRADE,105,P,72,
482502,26021480,195807,ATACADOR CHATO 8MM M21020 100% PES C/ GRADE,110,P,348,
482503,26021490,195807,ATACADOR CHATO 8MM M21020 100% PES C/ GRADE,115,P,246,
482503,26021490,195807,ATACADOR CHATO 8MM M21020 100% PES C/ GRADE,105,P,114,
482503,26021490,195807,ATACADOR CHATO 8MM M21020 100% PES C/ GRADE,110,P,312,
482503,26021491,195807,ATACADOR CHATO 8MM M21020 100% PES C/ GRADE,115,P,216,
482503,26021491,195807,ATACADOR CHATO 8MM M21020 100% PES C/ GRADE,105,P,108,
482503,26021491,195807,ATACADOR CHATO 8MM M21020 100% PES C/ GRADE,110,P,300,
482503,26021492,195807,ATACADOR CHATO 8MM M21020 100% PES C/ GRADE,115,P,144,
482503,26021492,195807,ATACADOR CHATO 8MM M21020 100% PES C/ GRADE,105,P,174,
482503,26021492,195807,ATACADOR CHATO 8MM M21020 100% PES C/ GRADE,110,P,336,
482503,26021492,195807,ATACADOR CHATO 8MM M21020 100% PES C/ GRADE,100,P,42,
482503,26021493,195807,ATACADOR CHATO 8MM M21020 100% PES C/ GRADE,115,P,108,
482503,26021493,195807,ATACADOR CHATO 8MM M21020 100% PES C/ GRADE,105,P,156,
482503,26021493,195807,ATACADOR CHATO 8MM M21020 100% PES C/ GRADE,110,P,312,
482503,26021493,195807,ATACADOR CHATO 8MM M21020 100% PES C/ GRADE,100,P,36,
482503,26021498,195808,ATACADOR CHATO 8MM M21020 100% PES C/ GRADE,115,P,228,
482503,26021498,195808,ATACADOR CHATO 8MM M21020 100% PES C/ GRADE,105,P,162,
482503,26021498,195808,ATACADOR CHATO 8MM M21020 100% PES C/ GRADE,100,P,6,
482503,26021498,195808,ATACADOR CHATO 8MM M21020 100% PES C/ GRADE,110,P,354,
482503,26021499,195808,ATACADOR CHATO 8MM M21020 100% PES C/ GRADE,115,P,168,
482503,26021499,195808,ATACADOR CHATO 8MM M21020 100% PES C/ GRADE,105,P,84,
482503,26021499,195808,ATACADOR CHATO 8MM M21020 100% PES C/ GRADE,110,P,360,
482503,26021500,195808,ATACADOR CHATO 8MM M21020 100% PES C/ GRADE,115,P,168,
482503,26021500,195808,ATACADOR CHATO 8MM M21020 100% PES C/ GRADE,105,P,84,
482503,26021500,195808,ATACADOR CHATO 8MM M21020 100% PES C/ GRADE,110,P,360,
482503,26021501,195808,ATACADOR CHATO 8MM M21020 100% PES C/ GRADE,115,P,168,
482503,26021501,195808,ATACADOR CHATO 8MM M21020 100% PES C/ GRADE,105,P,84,
482503,26021501,195808,ATACADOR CHATO 8MM M21020 100% PES C/ GRADE,110,P,360,
483816,26240990,196338,ATACADOR CHATO 6MM M21020 100% PES C/ GRADE,120,P,7,
483816,26240990,196338,ATACADOR CHATO 6MM M21020 100% PES C/ GRADE,110,P,6,
483816,26240990,196338,ATACADOR CHATO 6MM M21020 100% PES C/ GRADE,125,P,2,
483816,26240990,196338,ATACADOR CHATO 6MM M21020 100% PES C/ GRADE,115,P,12,
483816,26240991,196338,ATACADOR CHATO 6MM M21020 100% PES C/ GRADE,120,P,150,
483816,26240991,196338,ATACADOR CHATO 6MM M21020 100% PES C/ GRADE,110,P,120,
483816,26240991,196338,ATACADOR CHATO 6MM M21020 100% PES C/ GRADE,125,P,30,
483816,26240991,196338,ATACADOR CHATO 6MM M21020 100% PES C/ GRADE,115,P,270,
483816,26240992,196338,ATACADOR CHATO 6MM M21020 100% PES C/ GRADE,120,P,150,
483816,26240992,196338,ATACADOR CHATO 6MM M21020 100% PES C/ GRADE,110,P,120,
483816,26240992,196338,ATACADOR CHATO 6MM M21020 100% PES C/ GRADE,125,P,30,
483816,26240992,196338,ATACADOR CHATO 6MM M21020 100% PES C/ GRADE,115,P,270,
483816,26240993,196338,ATACADOR CHATO 6MM M21020 100% PES C/ GRADE,120,P,150,
483816,26240993,196338,ATACADOR CHATO 6MM M21020 100% PES C/ GRADE,110,P,120,
483816,26240993,196338,ATACADOR CHATO 6MM M21020 100% PES C/ GRADE,125,P,24,
483816,26240993,196338,ATACADOR CHATO 6MM M21020 100% PES C/ GRADE,115,P,270,
483816,26240994,196338,ATACADOR CHATO 6MM M21020 100% PES C/ GRADE,120,P,150,
483816,26240994,196338,ATACADOR CHATO 6MM M21020 100% PES C/ GRADE,110,P,120,
483816,26240994,196338,ATACADOR CHATO 6MM M21020 100% PES C/ GRADE,125,P,18,
483816,26240994,196338,ATACADOR CHATO 6MM M21020 100% PES C/ GRADE,115,P,264,
483817,26240979,196338,ATACADOR CHATO 6MM M21020 100% PES C/ GRADE,120,P,3,
483817,26240979,196338,ATACADOR CHATO 6MM M21020 100% PES C/ GRADE,115,P,8,
483817,26240979,196338,ATACADOR CHATO 6MM M21020 100% PES C/ GRADE,110,P,12,
483817,26240979,196338,ATACADOR CHATO 6MM M21020 100% PES C/ GRADE,105,P,6,
483817,26240980,196338,ATACADOR CHATO 6MM M21020 100% PES C/ GRADE,120,P,36,
483817,26240980,196338,ATACADOR CHATO 6MM M21020 100% PES C/ GRADE,115,P,144,
483817,26240980,196338,ATACADOR CHATO 6MM M21020 100% PES C/ GRADE,110,P,222,
483817,26240980,196338,ATACADOR CHATO 6MM M21020 100% PES C/ GRADE,105,P,108,
483817,26240982,196338,ATACADOR CHATO 6MM M21020 100% PES C/ GRADE,120,P,36,
483817,26240982,196338,ATACADOR CHATO 6MM M21020 100% PES C/ GRADE,115,P,144,
483817,26240982,196338,ATACADOR CHATO 6MM M21020 100% PES C/ GRADE,110,P,222,
483817,26240982,196338,ATACADOR CHATO 6MM M21020 100% PES C/ GRADE,105,P,108,
483817,26240983,196338,ATACADOR CHATO 6MM M21020 100% PES C/ GRADE,120,P,30,
483817,26240983,196338,ATACADOR CHATO 6MM M21020 100% PES C/ GRADE,115,P,144,
483817,26240983,196338,ATACADOR CHATO 6MM M21020 100% PES C/ GRADE,110,P,234,
483817,26240983,196338,ATACADOR CHATO 6MM M21020 100% PES C/ GRADE,105,P,114,
483817,26240984,196338,ATACADOR CHATO 6MM M21020 100% PES C/ GRADE,120,P,30,
483817,26240984,196338,ATACADOR CHATO 6MM M21020 100% PES C/ GRADE,115,P,138,
483817,26240984,196338,ATACADOR CHATO 6MM M21020 100% PES C/ GRADE,110,P,234,
483817,26240984,196338,ATACADOR CHATO 6MM M21020 100% PES C/ GRADE,105,P,108,
484212,26241024,202480,ATACADOR CHATO 6MM M21020 100% PES C/ GRADE,100,P,3,
484212,26241024,202480,ATACADOR CHATO 6MM M21020 100% PES C/ GRADE,105,P,6,
484212,26241024,202480,ATACADOR CHATO 6MM M21020 100% PES C/ GRADE,115,P,1,
484212,26241024,202480,ATACADOR CHATO 6MM M21020 100% PES C/ GRADE,110,P,3,
484212,26241025,202480,ATACADOR CHATO 6MM M21020 100% PES C/ GRADE,100,P,114,
484212,26241025,202480,ATACADOR CHATO 6MM M21020 100% PES C/ GRADE,105,P,240,
484212,26241025,202480,ATACADOR CHATO 6MM M21020 100% PES C/ GRADE,115,P,6,
484212,26241025,202480,ATACADOR CHATO 6MM M21020 100% PES C/ GRADE,110,P,138,
484212,26241026,202480,ATACADOR CHATO 6MM M21020 100% PES C/ GRADE,100,P,102,
484212,26241026,202480,ATACADOR CHATO 6MM M21020 100% PES C/ GRADE,105,P,234,
484212,26241026,202480,ATACADOR CHATO 6MM M21020 100% PES C/ GRADE,115,P,6,
484212,26241026,202480,ATACADOR CHATO 6MM M21020 100% PES C/ GRADE,110,P,126,
484213,26241017,196338,ATACADOR CHATO 6MM M21020 100% PES C/ GRADE,115,P,1,
484213,26241017,196338,ATACADOR CHATO 6MM M21020 100% PES C/ GRADE,105,P,1,
484213,26241017,196338,ATACADOR CHATO 6MM M21020 100% PES C/ GRADE,110,P,2,
484213,26241018,196338,ATACADOR CHATO 6MM M21020 100% PES C/ GRADE,115,P,216,
484213,26241018,196338,ATACADOR CHATO 6MM M21020 100% PES C/ GRADE,105,P,102,
484213,26241018,196338,ATACADOR CHATO 6MM M21020 100% PES C/ GRADE,110,P,300,
484213,26241018,196338,ATACADOR CHATO 6MM M21020 100% PES C/ GRADE,120,P,36,